,,,,,,
1,0,0,1.949,-3.631,3.087,
1,0,1,0,4.04,0.33,0.0298882
1,0,2,0,4.04,0.21,0.152522
1,0,3,0,4.84,0.33,0
1,0,4,0,4.84,0.21,0
1,1,1,0,0,0,-0.197424
1,1,2,0,0,0,-0.179386
1,1,3,0,0,0,0.00147301
1,2,1,101627,0,0,-0.13619
1,2,2,101628,0,0,-0.156508
1,2,3,101629,0,0,0.384784
1,3,1,101630,0,0,-0.130033
1,3,2,100284,0,0,0.0522052
1,3,3,100285,0,0,0.675845
1,4,1,100286,0,0,0.0544032
1,4,2,100287,0,0,-0.165774
1,4,3,100288,0,0,-0.265567
1,5,1,100289,0,0,0.33217
1,5,2,100290,0,0,-0.137898
1,5,3,100291,0,0,0.451889
1,6,1,100292,0,0,-0.0127613
1,6,2,100293,0,0,0.280578
1,6,3,100294,0,0,0.696596
1,7,1,100295,0,0,0.108857
1,7,2,100296,0,0,-0.416327
1,7,3,100297,0,0,-0.100967
1,8,1,100298,0,0,0.490517
1,8,2,100299,0,0,0.184408
1,8,3,100300,0,0,0.83782
1,9,1,100301,0,0,0.50527
1,9,2,100302,0,0,-0.18758
1,9,3,100303,0,0,-0.0619324
1,10,1,100304,0,0,0.22639
1,10,2,100305,0,0,-0.267135
1,10,3,102457,0,0,-0.240265
1,11,1,100307,0,0,0.144505
1,11,2,100502,0,0,0.109806
1,11,3,100503,0,0,-0.229561
1,12,1,100504,0,0,-0.475393
1,12,2,100505,0,0,0.05057
1,12,3,100506,0,0,-0.153246
1,13,1,100507,0,0,-0.140685
1,13,2,100508,0,0,-0.601215
1,13,3,100509,0,0,-0.318017
1,14,1,100510,0,0,0.177813
1,14,2,100511,0,0,0.170688
1,14,3,100512,0,0,0.079166
1,15,1,100513,0,0,0.221437
1,15,2,100514,0,0,-0.0179456
1,15,3,100515,0,0,0.200815
1,16,1,100516,0,0,0.241527
1,16,2,100517,0,0,0.769921
1,16,3,100518,0,0,0.200117
1,17,1,100519,0,0,-0.514071
1,17,2,100520,0,0,0.0396727
1,17,3,100521,0,0,0.074597
1,18,1,100522,0,0,0.314231
1,18,2,100523,0,0,-0.535611
1,18,3,100524,0,0,0.274118
1,19,1,100525,0,0,0.526135
1,19,2,100526,0,0,0.0244668
1,19,3,100527,0,0,0.249156
1,20,1,100528,0,0,-0.194085
1,20,2,100529,0,0,-0.0444147
1,20,3,100530,0,0,0.253346
1,21,1,100531,0,0,0.101765
1,21,2,101740,0,0,-0.0883609
1,21,3,101739,0,0,-0.308949
,,,,,,
,,,,,,
,,,,,,
,,,,,,
2,0,0,2.049,-1.914,3.087,
2,0,1,0,4.04,0.33,-0.289295
2,0,2,0,4.04,0.21,-0.53251
2,0,3,0,4.84,0.33,0
2,0,4,0,4.84,0.21,0
2,1,1,0,0,0,0.100259
2,1,2,0,0,0,-0.0598902
2,1,3,0,0,0,-0.0535625
2,2,1,101634,0,0,-0.0790808
2,2,2,101633,0,0,0.0627316
2,2,3,101632,0,0,-0.339672
2,3,1,101631,0,0,-0.281954
2,3,2,100448,0,0,0.0510396
2,3,3,100449,0,0,0.0633668
2,4,1,100450,0,0,-0.390419
2,4,2,102468,0,0,0.385937
2,4,3,100452,0,0,0.0749924
2,5,1,100453,0,0,-0.16372
2,5,2,100454,0,0,-0.230599
2,5,3,100455,0,0,-0.183454
2,6,1,100456,0,0,0.463379
2,6,2,100457,0,0,0.152017
2,6,3,100458,0,0,0.0391196
2,7,1,100459,0,0,-0.254326
2,7,2,100460,0,0,0.0302245
2,7,3,100461,0,0,-0.0416034
2,8,1,100462,0,0,0.227611
2,8,2,100463,0,0,0.125282
2,8,3,100464,0,0,0.511181
2,9,1,100465,0,0,0.0484783
2,9,2,100466,0,0,-0.246967
2,9,3,100467,0,0,-0.01121
2,10,1,100468,0,0,-0.217947
2,10,2,100469,0,0,-0.0579563
2,10,3,100470,0,0,0.236737
2,11,1,100471,0,0,0.208908
2,11,2,100472,0,0,-0.335481
2,11,3,100473,0,0,0.168522
2,12,1,100474,0,0,0.00622295
2,12,2,100475,0,0,-0.0210938
2,12,3,102466,0,0,0.344414
2,13,1,100477,0,0,0.297261
2,13,2,102456,0,0,-0.215781
2,13,3,102465,0,0,0.115131
2,14,1,100480,0,0,-0.476335
2,14,2,100481,0,0,-0.0146554
2,14,3,100482,0,0,0.114816
2,15,1,100483,0,0,-0.162989
2,15,2,100484,0,0,0.221093
2,15,3,100485,0,0,-0.323711
2,16,1,100486,0,0,0.146671
2,16,2,100487,0,0,-0.607608
2,16,3,100488,0,0,0.396505
2,17,1,100489,0,0,-0.00738691
2,17,2,100490,0,0,-0.154276
2,17,3,100491,0,0,0.209419
2,18,1,100492,0,0,-0.114499
2,18,2,100493,0,0,0.202517
2,18,3,100494,0,0,0.017611
2,19,1,100495,0,0,0.138269
2,19,2,100496,0,0,-0.138366
2,19,3,100497,0,0,0.0767685
2,20,1,100498,0,0,-0.0137237
2,20,2,100499,0,0,0.272188
2,20,3,100500,0,0,-0.341963
2,21,1,100501,0,0,0.28677
2,21,2,101731,0,0,-0.132968
2,21,3,101732,0,0,-0.177605
2,22,1,101733,0,0,0.11859
2,22,2,101734,0,0,-0.162389
2,22,3,101735,0,0,0.0383845
,,,,,,
3,0,0,2.15,-0.217,3.087,
3,0,1,0,4.04,0.33,0.354605
3,0,2,0,4.04,0.21,-0.876917
3,0,3,0,4.84,0.33,0
3,0,4,0,4.84,0.21,0
3,1,1,0,0,0,-0.0307295
3,1,2,0,0,0,-0.354329
3,1,3,0,0,0,0.12578
3,2,1,101640,0,0,0.24277
3,2,2,101639,0,0,-0.0620202
3,2,3,101638,0,0,0.32365
3,3,1,101637,0,0,0.0728194
3,3,2,100390,0,0,0.0667576
3,3,3,100391,0,0,0.423585
3,4,1,100392,0,0,0.0533876
3,4,2,100393,0,0,0.0737403
3,4,3,100394,0,0,0.211218
3,5,1,100395,0,0,0.298155
3,5,2,100396,0,0,-0.07594
3,5,3,100397,0,0,-0.2747
3,6,1,100398,0,0,-0.0963122
3,6,2,100399,0,0,0.421984
3,6,3,100400,0,0,-0.109342
3,7,1,100401,0,0,-0.159252
3,7,2,100402,0,0,0.462685
3,7,3,100403,0,0,0.0166447
3,8,1,100404,0,0,0.163034
3,8,2,100405,0,0,0.240415
3,8,3,100406,0,0,0.213029
3,9,1,100407,0,0,0.107711
3,9,2,100408,0,0,-0.193561
3,9,3,100409,0,0,0.164445
3,10,1,100410,0,0,0.0306822
3,10,2,100411,0,0,0.0544549
3,10,3,100412,0,0,0.4713
3,11,1,100413,0,0,0.171032
3,11,2,102464,0,0,0.289737
3,11,3,100415,0,0,-0.140903
3,12,1,100416,0,0,0.340074
3,12,2,100417,0,0,0.249783
3,12,3,100418,0,0,-0.0305013
3,13,1,100419,0,0,0.225917
3,13,2,100420,0,0,0.258859
3,13,3,100421,0,0,0.144279
3,14,1,100422,0,0,-0.00328172
3,14,2,100423,0,0,-0.0614442
3,14,3,100424,0,0,0.552143
3,15,1,100425,0,0,0.173426
3,15,2,100426,0,0,-0.0221027
3,15,3,100427,0,0,0.24427
3,16,1,100428,0,0,0.38216
3,16,2,100429,0,0,0.464319
3,16,3,100430,0,0,0.173096
3,17,1,100431,0,0,-0.0250395
3,17,2,100432,0,0,0.0974437
3,17,3,100433,0,0,-0.133752
3,18,1,100434,0,0,0.151638
3,18,2,100435,0,0,0.0987482
3,18,3,100436,0,0,0.202173
3,19,1,100437,0,0,0.161104
3,19,2,100438,0,0,0.167269
3,19,3,102453,0,0,0.177734
3,20,1,100440,0,0,-0.112809
3,20,2,100441,0,0,-0.14611
3,20,3,102452,0,0,0.557573
3,21,1,100443,0,0,-0.0409402
3,21,2,101730,0,0,-0.118064
3,21,3,101729,0,0,-0.0144439
3,22,1,101728,0,0,-0.119941
3,22,2,101727,0,0,0.00756977
3,22,3,101726,0,0,-0.418374
,,,,,,
4,0,0,2.252,1.48,3.087,
4,0,1,0,4.04,0.33,0.390132
4,0,2,0,4.04,0.21,0.327955
4,0,3,0,4.84,0.33,0
4,0,4,0,4.84,0.21,0
4,1,1,0,0,0,0.252789
4,1,2,0,0,0,-0.0483645
4,1,3,0,0,0,0.160353
4,2,1,101647,0,0,-0.564459
4,2,2,101646,0,0,-0.283664
4,2,3,101645,0,0,-0.150989
4,3,1,101644,0,0,0.222917
4,3,2,102450,0,0,-0.528352
4,3,3,100337,0,0,-0.14632
4,4,1,100338,0,0,0.23606
4,4,2,100339,0,0,0.0639556
4,4,3,100340,0,0,-0.464655
4,5,1,100341,0,0,0.147317
4,5,2,100342,0,0,-0.391565
4,5,3,100343,0,0,0.0513075
4,6,1,100344,0,0,0.0215967
4,6,2,100345,0,0,-0.0264762
4,6,3,100346,0,0,-0.0223815
4,7,1,100347,0,0,-0.0777944
4,7,2,100348,0,0,0.0281828
4,7,3,100349,0,0,-0.36559
4,8,1,100350,0,0,-0.0588145
4,8,2,100351,0,0,0.225237
4,8,3,100352,0,0,-0.0210964
4,9,1,100353,0,0,-0.336069
4,9,2,100354,0,0,0.215017
4,9,3,100355,0,0,-0.0141717
4,10,1,100356,0,0,-0.0684312
4,10,2,100357,0,0,0.0275428
4,10,3,100358,0,0,-0.0060926
4,11,1,100359,0,0,-0.150285
4,11,2,100360,0,0,0.0312023
4,11,3,100361,0,0,-0.0771743
4,12,1,100362,0,0,-0.302742
4,12,2,100363,0,0,-0.203583
4,12,3,102284,0,0,0
4,13,1,100365,0,0,0.0315474
4,13,2,100366,0,0,-0.0843885
4,13,3,102451,0,0,0.283932
4,14,1,100368,0,0,-0.304761
4,14,2,100369,0,0,-0.0856896
4,14,3,100370,0,0,-0.235622
4,15,1,100371,0,0,0.126691
4,15,2,100372,0,0,0.38589
4,15,3,100373,0,0,0.0645627
4,16,1,102285,0,0,0
4,16,2,100375,0,0,0.0168043
4,16,3,100376,0,0,-0.218103
4,17,1,100377,0,0,-0.166027
4,17,2,100378,0,0,-0.309561
4,17,3,100379,0,0,-0.300482
4,18,1,100380,0,0,0.0675587
4,18,2,100381,0,0,0.33327
4,18,3,100382,0,0,-0.261251
4,19,1,100383,0,0,0.286341
4,19,2,100384,0,0,0.156171
4,19,3,100385,0,0,0.187581
4,20,1,100386,0,0,0.0148617
4,20,2,100387,0,0,0.0771877
4,20,3,100388,0,0,0.198645
4,21,1,100389,0,0,-0.206226
4,21,2,101720,0,0,-0.221351
4,21,3,101721,0,0,0.313756
4,22,1,101722,0,0,-0.47113
4,22,2,101724,0,0,-0.122436
4,22,3,101725,0,0,0.140521
,,,,,,
5,0,0,2.353,3.177,3.087,
5,0,1,0,4.04,0.33,-0.0558667
5,0,2,0,4.04,0.21,-0.631475
5,0,3,0,4.84,0.33,0
5,0,4,0,4.84,0.21,0
5,1,1,0,0,0,0.677718
5,1,2,0,0,0,0.291176
5,1,3,0,0,0,-0.199765
5,2,1,101654,0,0,0.0341341
5,2,2,101653,0,0,-0.271943
5,2,3,101652,0,0,-0.0164253
5,3,1,101651,0,0,0.31614
5,3,2,100002,0,0,0.277387
5,3,3,100003,0,0,-0.143706
5,4,1,100004,0,0,-0.20623
5,4,2,100005,0,0,-0.439992
5,4,3,100006,0,0,0.0455342
5,5,1,100007,0,0,-0.0931908
5,5,2,100008,0,0,-0.3359
5,5,3,100009,0,0,-0.314059
5,6,1,102480,0,0,-0.232488
5,6,2,100011,0,0,0.0652673
5,6,3,100012,0,0,-0.240708
5,7,1,102476,0,0,-0.295459
5,7,2,100014,0,0,0.00539044
5,7,3,100015,0,0,0.0752505
5,8,1,100016,0,0,-0.124561
5,8,2,100017,0,0,-0.251409
5,8,3,100018,0,0,-0.000652545
5,9,1,100019,0,0,0.0235754
5,9,2,100020,0,0,-0.0477581
5,9,3,100021,0,0,-0.302044
5,10,1,100022,0,0,-0.152556
5,10,2,100023,0,0,-0.13565
5,10,3,100024,0,0,-0.180316
5,11,1,100025,0,0,0.0646293
5,11,2,100026,0,0,-0.0487156
5,11,3,100027,0,0,-0.0101961
5,12,1,100140,0,0,0.076161
5,12,2,100141,0,0,-0.0990669
5,12,3,100142,0,0,-0.0811456
5,13,1,100143,0,0,0.0977318
5,13,2,102447,0,0,0.462872
5,13,3,100145,0,0,-0.0353971
5,14,1,100146,0,0,0.00309058
5,14,2,100147,0,0,0.19536
5,14,3,100148,0,0,0.349336
5,15,1,100149,0,0,0.0701782
5,15,2,100150,0,0,-0.0545042
5,15,3,100151,0,0,0.170535
5,16,1,100152,0,0,0.494121
5,16,2,100153,0,0,0.073236
5,16,3,100154,0,0,0.3579
5,17,1,100155,0,0,0.100514
5,17,2,100156,0,0,0.0891339
5,17,3,100157,0,0,0.184443
5,18,1,100158,0,0,0.0490801
5,18,2,102477,0,0,0.491545
5,18,3,102481,0,0,-0.12263
5,19,1,102280,0,0,0
5,19,2,100162,0,0,-0.104957
5,19,3,100163,0,0,-0.0766557
5,20,1,100164,0,0,0.0564712
5,20,2,101608,0,0,0.15208
5,20,3,100166,0,0,0.0519378
5,21,1,102281,0,0,0
5,21,2,101716,0,0,-0.0471237
5,21,3,101717,0,0,-0.168115
5,22,1,101718,0,0,0.251055
5,22,2,101719,0,0,-0.301558
5,22,3,101723,0,0,-0.126328
,,,,,,
6,0,0,2.454,4.874,3.087,
6,0,1,0,4.04,0.33,0.000658187
6,0,2,0,4.04,0.21,0.13263
6,0,3,0,4.84,0.33,0
6,0,4,0,4.84,0.21,0
6,1,1,0,0,0,0.144452
6,1,2,0,0,0,-0.114997
6,1,3,0,0,0,-0.365462
6,2,1,101661,0,0,0.124413
6,2,2,101660,0,0,-0.150482
6,2,3,101659,0,0,-0.134957
6,3,1,101658,0,0,-0.409159
6,3,2,100136,0,0,0.214399
6,3,3,100137,0,0,0.0691434
6,4,1,100138,0,0,0.107439
6,4,2,100034,0,0,0.0323392
6,4,3,100035,0,0,-0.356528
6,5,1,100036,0,0,-0.0705713
6,5,2,100037,0,0,0.17198
6,5,3,100038,0,0,-0.188324
6,6,1,100039,0,0,0.0175709
6,6,2,100040,0,0,0.0728998
6,6,3,100041,0,0,-0.139573
6,7,1,100042,0,0,0.180472
6,7,2,100043,0,0,-0.0861816
6,7,3,100044,0,0,0.326399
6,8,1,100045,0,0,-0.159564
6,8,2,100046,0,0,0.572736
6,8,3,100047,0,0,0.0119528
6,9,1,100048,0,0,-0.124957
6,9,2,100049,0,0,-0.0606689
6,9,3,100050,0,0,-0.04856
6,10,1,100051,0,0,0.00442374
6,10,2,100052,0,0,0.054118
6,10,3,100053,0,0,-0.113381
6,11,1,100054,0,0,0.157595
6,11,2,100055,0,0,-0.0574163
6,11,3,100000,0,0,-0.262826
6,12,1,100001,0,0,0.231939
6,12,2,102382,0,0,0.36
6,12,3,100135,0,0,-0.214679
6,13,1,102381,0,0,0.3
6,13,2,100133,0,0,-0.195826
6,13,3,100132,0,0,0.172005
6,14,1,100128,0,0,0.160679
6,14,2,100129,0,0,-0.361701
6,14,3,100124,0,0,-0.262776
6,15,1,100125,0,0,0.0866697
6,15,2,100130,0,0,-0.0211645
6,15,3,102486,0,0,0.0543433
6,16,1,102482,0,0,-0.230283
6,16,2,100120,0,0,0.431703
6,16,3,100121,0,0,-0.182086
6,17,1,100116,0,0,0.220656
6,17,2,100117,0,0,0.108559
6,17,3,100122,0,0,0.0312723
6,18,1,100112,0,0,0.176719
6,18,2,100113,0,0,0.0864892
6,18,3,100118,0,0,-0.107315
6,19,1,100114,0,0,0.0672706
6,19,2,100127,0,0,-0.352858
6,19,3,100123,0,0,-0.0578587
6,20,1,100115,0,0,-0.265702
6,20,2,100119,0,0,-0.0238025
6,20,3,100093,0,0,0.0405948
6,21,1,100090,0,0,0.284615
6,21,2,101711,0,0,-0.25824
6,21,3,101712,0,0,-0.0443646
6,22,1,101713,0,0,-0.0500818
6,22,2,101714,0,0,0.0135903
6,22,3,101715,0,0,0.0912064
,,,,,,
7,0,0,2.555,6.571,3.087,
7,0,1,0,4.04,0.33,0.381994
7,0,2,0,4.04,0.21,-0.348952
7,0,3,0,4.84,0.33,0
7,0,4,0,4.84,0.21,0
7,1,1,0,0,0,-0.721837
7,1,2,0,0,0,0.0175098
7,1,3,0,0,0,-0.201688
7,2,1,102487,0,0,-0.221876
7,2,2,101667,0,0,-0.32362
7,2,3,101666,0,0,-0.204154
7,3,1,101665,0,0,0.396556
7,3,2,102484,0,0,0.464958
7,3,3,100087,0,0,0.0469425
7,4,1,100086,0,0,0.218201
7,4,2,100089,0,0,0.21345
7,4,3,100088,0,0,0.613218
7,5,1,100092,0,0,0.331082
7,5,2,100094,0,0,0.324362
7,5,3,102491,0,0,0.652647
7,6,1,100085,0,0,-0.153956
7,6,2,100084,0,0,-0.26538
7,6,3,100099,0,0,0.18872
7,7,1,102490,0,0,0.0586653
7,7,2,100097,0,0,0.329005
7,7,3,100096,0,0,-0.0832046
7,8,1,100102,0,0,0.147832
7,8,2,100103,0,0,0.336654
7,8,3,100101,0,0,0.0661864
7,9,1,100100,0,0,0.189193
7,9,2,100107,0,0,0.320952
7,9,3,100106,0,0,0.197066
7,10,1,100105,0,0,-0.406944
7,10,2,100104,0,0,-0.153984
7,10,3,102478,0,0,0.0693787
7,11,1,102489,0,0,0.164158
7,11,2,100109,0,0,0.322572
7,11,3,102483,0,0,-0.668555
7,12,1,100059,0,0,-0.39737
7,12,2,100058,0,0,0.418344
7,12,3,100057,0,0,0.690475
7,13,1,100056,0,0,0.318761
7,13,2,100063,0,0,0.18423
7,13,3,100062,0,0,-0.0106675
7,14,1,100061,0,0,0.334145
7,14,2,100060,0,0,0.456592
7,14,3,100067,0,0,0.222142
7,15,1,100066,0,0,0.247442
7,15,2,100065,0,0,-0.127073
7,15,3,100064,0,0,0.358393
7,16,1,100071,0,0,0.557587
7,16,2,102479,0,0,0.269031
7,16,3,100069,0,0,-0.0470179
7,17,1,100075,0,0,0.30939
7,17,2,100079,0,0,-0.0720071
7,17,3,100068,0,0,-0.0149133
7,18,1,100083,0,0,-0.17796
7,18,2,100074,0,0,0.0430541
7,18,3,100078,0,0,0.298354
7,19,1,100082,0,0,0.47875
7,19,2,100073,0,0,0.0438111
7,19,3,100072,0,0,0.246029
7,20,1,100077,0,0,0.0387662
7,20,2,100076,0,0,-0.00212199
7,20,3,100081,0,0,0.125195
7,21,1,100080,0,0,0.342111
7,21,2,101706,0,0,-0.192495
7,21,3,101707,0,0,-0.113671
7,22,1,101708,0,0,-0.11666
7,22,2,101709,0,0,0.04811
7,22,3,101710,0,0,-0.2079
,,,,,,
8,0,0,2.657,8.268,3.087,
8,0,1,0,4.04,0.33,0.111122
8,0,2,0,4.04,0.21,0.183841
8,0,3,0,4.84,0.33,0
8,0,4,0,4.84,0.21,0
8,1,1,0,0,0,0.0883464
8,1,2,0,0,0,-0.303456
8,1,3,0,0,0,0.402131
8,2,1,102446,0,0,1.15267
8,2,2,101674,0,0,-0.156913
8,2,3,101673,0,0,-0.0741423
8,3,1,101672,0,0,0.120313
8,3,2,100168,0,0,0.222152
8,3,3,100169,0,0,-0.0974272
8,4,1,102462,0,0,0.91743
8,4,2,102458,0,0,0.173776
8,4,3,100172,0,0,0.00260367
8,5,1,100173,0,0,0.0611393
8,5,2,100174,0,0,0.312317
8,5,3,100175,0,0,0.0705383
8,6,1,100176,0,0,0.458386
8,6,2,100177,0,0,0.0232261
8,6,3,100178,0,0,0.391157
8,7,1,102461,0,0,0.184103
8,7,2,100180,0,0,0.152005
8,7,3,100181,0,0,0.0648853
8,8,1,100182,0,0,0.214983
8,8,2,100183,0,0,0.20261
8,8,3,100184,0,0,-0.00672241
8,9,1,100185,0,0,-0.249704
8,9,2,100186,0,0,0.237574
8,9,3,102488,0,0,-1.71327
8,10,1,100188,0,0,0.39065
8,10,2,100189,0,0,0.033988
8,10,3,100190,0,0,-0.0978887
8,11,1,100191,0,0,0.361047
8,11,2,100192,0,0,0.318815
8,11,3,100193,0,0,0.188511
8,12,1,100194,0,0,0.217541
8,12,2,100195,0,0,0.150649
8,12,3,100028,0,0,0.0580792
8,13,1,100029,0,0,0.289574
8,13,2,102463,0,0,0.0935921
8,13,3,100031,0,0,0.300452
8,14,1,100032,0,0,-0.0325292
8,14,2,100033,0,0,0.158368
8,14,3,102688,0,0,0.167792
8,15,1,102689,0,0,-0.277688
8,15,2,102690,0,0,0.19791
8,15,3,102691,0,0,0.258289
8,16,1,102692,0,0,0.230642
8,16,2,102693,0,0,0.303765
8,16,3,102694,0,0,0.0912032
8,17,1,102695,0,0,0.268321
8,17,2,102696,0,0,0.126254
8,17,3,102697,0,0,0.239339
8,18,1,102698,0,0,-0.101904
8,18,2,102699,0,0,0.438405
8,18,3,100252,0,0,0.148882
8,19,1,100253,0,0,-0.0215934
8,19,2,100254,0,0,0.39787
8,19,3,100255,0,0,0.300526
8,20,1,100256,0,0,-0.106419
8,20,2,100257,0,0,0.139956
8,20,3,100258,0,0,0.0774028
8,21,1,100259,0,0,0.263494
8,21,2,101705,0,0,0.110527
8,21,3,101704,0,0,0.131644
8,22,1,102460,0,0,0.716267
8,22,2,101702,0,0,0.0471431
8,22,3,101701,0,0,-0.0893586
,,,,,,
9,0,0,2.758,9.965,3.087,
9,0,1,0,4.04,0.33,0.498946
9,0,2,0,4.04,0.21,0.042507
9,0,3,0,4.84,0.33,0
9,0,4,0,4.84,0.21,0
9,1,1,0,0,0,0.0754759
9,1,2,0,0,0,-0.266149
9,1,3,0,0,0,0.502231
9,2,1,101680,0,0,-0.467152
9,2,2,101679,0,0,0.259476
9,2,3,101678,0,0,-0.19295
9,3,1,101677,0,0,-0.231937
9,3,2,100308,0,0,-0.0939764
9,3,3,100309,0,0,-0.517047
9,4,1,100310,0,0,0.0439123
9,4,2,100311,0,0,0.0467134
9,4,3,100312,0,0,-0.0977814
9,5,1,100313,0,0,0.115488
9,5,2,100314,0,0,0.216834
9,5,3,100315,0,0,0.0193841
9,6,1,100316,0,0,-0.46653
9,6,2,100317,0,0,-0.188536
9,6,3,100318,0,0,0.334677
9,7,1,100319,0,0,-0.195599
9,7,2,100320,0,0,0.0390458
9,7,3,102442,0,0,-0.0262426
9,8,1,102459,0,0,0.11222
9,8,2,100323,0,0,-0.100009
9,8,3,100324,0,0,0.332039
9,9,1,100325,0,0,-0.182957
9,9,2,100326,0,0,0.286421
9,9,3,100327,0,0,0.194259
9,10,1,100328,0,0,0.0423321
9,10,2,100329,0,0,-0.0235596
9,10,3,100330,0,0,0.0756679
9,11,1,100331,0,0,-0.31788
9,11,2,100332,0,0,-0.24634
9,11,3,100333,0,0,0.0696654
9,12,1,102441,0,0,-0.133678
9,12,2,100335,0,0,-0.052865
9,12,3,100280,0,0,-0.0430156
9,13,1,100281,0,0,-0.0587343
9,13,2,100282,0,0,0.0040317
9,13,3,102440,0,0,0.367421
9,14,1,100260,0,0,-0.0199307
9,14,2,100261,0,0,0.128205
9,14,3,100262,0,0,0.0844951
9,15,1,100263,0,0,0.158356
9,15,2,100264,0,0,0.375357
9,15,3,100265,0,0,0.046309
9,16,1,100266,0,0,0.221353
9,16,2,100267,0,0,0.343562
9,16,3,100268,0,0,0.0237567
9,17,1,100269,0,0,0.163855
9,17,2,100270,0,0,0.233731
9,17,3,100271,0,0,0.0508044
9,18,1,100272,0,0,0.0719958
9,18,2,100273,0,0,-0.107131
9,18,3,100274,0,0,0.182646
9,19,1,100275,0,0,0.388232
9,19,2,100276,0,0,0.243788
9,19,3,100277,0,0,0.233513
9,20,1,100278,0,0,0.185614
9,20,2,100279,0,0,-0.0183717
9,20,3,100251,0,0,-0.0962523
9,21,1,102467,0,0,0.01
9,21,2,101700,0,0,0.359575
9,21,3,101699,0,0,0.252271
9,22,1,101698,0,0,0.275741
9,22,2,101697,0,0,0.19251
9,22,3,101696,0,0,-0.130184
,,,,,,
10,0,0,2.857,11.632,3.087,
10,0,1,0,4.04,0.33,-0.120229
10,0,2,0,4.04,0.21,-0.199779
10,0,3,0,4.84,0.33,0
10,0,4,0,4.84,0.21,0
10,1,1,0,0,0,-0.32977
10,1,2,0,0,0,-0.512353
10,1,3,0,0,0,-0.291087
10,2,1,101687,0,0,0.0299362
10,2,2,101686,0,0,0.210662
10,2,3,101685,0,0,0.227145
10,3,1,101684,0,0,-0.19489
10,3,2,100196,0,0,0.328997
10,3,3,100197,0,0,-0.0195541
10,4,1,100198,0,0,-0.00822317
10,4,2,100199,0,0,-0.0427099
10,4,3,100200,0,0,-0.434367
10,5,1,100201,0,0,0.154071
10,5,2,100202,0,0,0.188409
10,5,3,100203,0,0,-0.852714
10,6,1,100204,0,0,0.723116
10,6,2,100205,0,0,0.224039
10,6,3,100206,0,0,-0.111081
10,7,1,100207,0,0,-0.176718
10,7,2,100208,0,0,0.462918
10,7,3,100209,0,0,0.19359
10,8,1,100210,0,0,-0.0795505
10,8,2,100211,0,0,0.130873
10,8,3,100212,0,0,0.148113
10,9,1,100213,0,0,0.142333
10,9,2,100214,0,0,0.252048
10,9,3,100215,0,0,0.197931
10,10,1,100216,0,0,0.0803431
10,10,2,100217,0,0,0.353818
10,10,3,100218,0,0,-0.161546
10,11,1,100219,0,0,-0.007035
10,11,2,100220,0,0,0.00396313
10,11,3,100221,0,0,0.459554
10,12,1,100222,0,0,0.295711
10,12,2,100223,0,0,-0.101424
10,12,3,100224,0,0,-0.130724
10,13,1,100225,0,0,-0.0966067
10,13,2,100226,0,0,0.00965711
10,13,3,100227,0,0,-0.0295651
10,14,1,100228,0,0,-0.267979
10,14,2,100229,0,0,-0.0725486
10,14,3,100230,0,0,-0.00536004
10,15,1,100231,0,0,0.138975
10,15,2,102437,0,0,1.19831
10,15,3,102438,0,0,0.852189
10,16,1,100234,0,0,-0.229523
10,16,2,100235,0,0,0.487274
10,16,3,100236,0,0,-0.163972
10,17,1,100237,0,0,-0.271509
10,17,2,100238,0,0,0.435947
10,17,3,100239,0,0,-0.315784
10,18,1,102439,0,0,0.19634
10,18,2,100241,0,0,0.104028
10,18,3,100242,0,0,0.174171
10,19,1,100243,0,0,-0.246627
10,19,2,100244,0,0,0.0747058
10,19,3,100245,0,0,-0.0534841
10,20,1,100246,0,0,-0.0175858
10,20,2,100247,0,0,0.31279
10,20,3,100248,0,0,-0.369065
10,21,1,100249,0,0,0.142004
10,21,2,101691,0,0,-0.273649
10,21,3,101692,0,0,0.353007
10,22,1,101693,0,0,0.146919
10,22,2,101694,0,0,-0.00856768
10,22,3,101695,0,0,0.0710849
,,,,,,
11,0,0,3.004,14.219,3.084,
11,0,1,0,4.04,0.33,-0.0149443
11,0,2,0,4.04,0.21,-0.753356
11,0,3,0,4.84,0.33,0.239005
11,0,4,0,4.84,0.21,0.738538
11,1,1,0,0,0,-0.167289
11,1,2,0,0,0,0.216215
11,1,3,0,0,0,0.294052
11,2,1,101600,0,0,-0.0152519
11,2,2,101601,0,0,-0.154873
11,2,3,101602,0,0,0.14736
11,3,1,101603,0,0,0.312539
11,3,2,100447,0,0,-0.608698
11,3,3,100446,0,0,0.0790133
11,4,1,100445,0,0,0.220575
11,4,2,100444,0,0,-0.0710152
11,4,3,100532,0,0,0.28406
11,5,1,100533,0,0,0.169953
11,5,2,100534,0,0,0.421033
11,5,3,100535,0,0,0.135975
11,6,1,100536,0,0,-0.215739
11,6,2,100537,0,0,0.319631
11,6,3,100538,0,0,0.242943
11,7,1,100539,0,0,-0.0323378
11,7,2,100540,0,0,0.276879
11,7,3,100541,0,0,0.529882
11,8,1,100542,0,0,-0.0123918
11,8,2,100543,0,0,0.0127497
11,8,3,100544,0,0,0.212904
11,9,1,100545,0,0,-0.0320099
11,9,2,100546,0,0,-0.044923
11,9,3,100547,0,0,0.299011
11,10,1,100548,0,0,0.154686
11,10,2,100549,0,0,0.148221
11,10,3,100550,0,0,0.111119
11,11,1,100551,0,0,0.0815499
11,11,2,100552,0,0,0.129776
11,11,3,100553,0,0,0.411123
11,12,1,100554,0,0,0.214683
11,12,2,100555,0,0,0.203286
11,12,3,100556,0,0,-0.144983
11,13,1,100557,0,0,0.413558
11,13,2,100558,0,0,0.0166287
11,13,3,100559,0,0,-0.188994
11,14,1,100616,0,0,0.216805
11,14,2,100617,0,0,-0.069471
11,14,3,100618,0,0,0.0386087
11,15,1,100619,0,0,0.725172
11,15,2,100620,0,0,-0.200946
11,15,3,100621,0,0,-0.198604
11,16,1,100622,0,0,-0.333093
11,16,2,100623,0,0,-0.16081
11,16,3,100624,0,0,0.439709
11,17,1,100625,0,0,-0.0529226
11,17,2,102568,0,0,-0.106292
11,17,3,100627,0,0,0.0436318
11,18,1,100628,0,0,0.151701
11,18,2,100629,0,0,-0.141169
11,18,3,100630,0,0,-0.0998076
11,19,1,100631,0,0,-0.343623
11,19,2,100632,0,0,0.556704
11,19,3,100633,0,0,-0.344679
11,20,1,102471,0,0,0
11,20,2,102475,0,0,0
11,20,3,100636,0,0,0.0666881
11,21,1,100637,0,0,-0.268054
11,21,2,101907,0,0,0.238378
11,21,3,101908,0,0,-0.00262591
11,22,1,102474,0,0,0
11,22,2,101910,0,0,0.0287976
11,22,3,101911,0,0,0.0518712
,,,,,,
12,0,0,3.098,15.919,3.084,
12,0,1,0,4.04,0.33,0.22079
12,0,2,0,4.04,0.21,0.0417026
12,0,3,0,4.84,0.33,-0.204385
12,0,4,0,4.84,0.21,0.12845
12,1,1,0,0,0,0.258302
12,1,2,0,0,0,0.117981
12,1,3,0,0,0,0.241053
12,2,1,101607,0,0,0.10002
12,2,2,101848,0,0,-0.423267
12,2,3,101849,0,0,0.0866111
12,3,1,101850,0,0,0.196134
12,3,2,100560,0,0,0.673025
12,3,3,100561,0,0,0.0492972
12,4,1,100562,0,0,-0.365007
12,4,2,100563,0,0,1.19945
12,4,3,100564,0,0,0.0219401
12,5,1,100565,0,0,-0.0809773
12,5,2,100566,0,0,-0.156159
12,5,3,100567,0,0,-0.0495795
12,6,1,100568,0,0,0.36386
12,6,2,100569,0,0,0.343461
12,6,3,100570,0,0,0.0455086
12,7,1,100571,0,0,-0.0621338
12,7,2,100572,0,0,0.6631
12,7,3,100573,0,0,0.363898
12,8,1,100574,0,0,-0.73902
12,8,2,100575,0,0,0.0496948
12,8,3,100576,0,0,-0.368711
12,9,1,100577,0,0,-0.333112
12,9,2,100578,0,0,0.143304
12,9,3,100579,0,0,-0.0875314
12,10,1,100580,0,0,0.123821
12,10,2,100581,0,0,-0.0354364
12,10,3,100582,0,0,-0.370108
12,11,1,100583,0,0,-0.447604
12,11,2,100584,0,0,0.515179
12,11,3,100585,0,0,0.586141
12,12,1,100586,0,0,0.623669
12,12,2,100587,0,0,0.24185
12,12,3,100588,0,0,0.174212
12,13,1,100589,0,0,0.314199
12,13,2,100590,0,0,-0.238279
12,13,3,100591,0,0,0.205979
12,14,1,100592,0,0,0.155562
12,14,2,100593,0,0,0.172591
12,14,3,100594,0,0,0.128185
12,15,1,100595,0,0,0.106551
12,15,2,100596,0,0,0.0244752
12,15,3,100597,0,0,-0.544312
12,16,1,100598,0,0,-0.346059
12,16,2,100599,0,0,0.307188
12,16,3,100600,0,0,-0.559664
12,17,1,100601,0,0,-0.291065
12,17,2,100602,0,0,-0.509193
12,17,3,100603,0,0,0.16973
12,18,1,100604,0,0,-0.20364
12,18,2,100605,0,0,-0.0567562
12,18,3,100606,0,0,0.710149
12,19,1,100607,0,0,-0.522274
12,19,2,100608,0,0,-0.302532
12,19,3,100609,0,0,-0.311336
12,20,1,100610,0,0,-0.877021
12,20,2,100611,0,0,-0.0563112
12,20,3,100612,0,0,0.129717
12,21,1,102526,0,0,-0.509231
12,21,2,101912,0,0,-0.0116724
12,21,3,102527,0,0,0.195295
12,22,1,101914,0,0,0.0017051
12,22,2,101915,0,0,-0.451609
12,22,3,101916,0,0,0.107817
,,,,,,
13,0,0,3.194,17.614,3.084,
13,0,1,0,4.04,0.33,-0.579633
13,0,2,0,4.04,0.21,-0.00861375
13,0,3,0,4.84,0.33,0.0996845
13,0,4,0,4.84,0.21,0.200711
13,1,1,0,0,0,-0.147461
13,1,2,0,0,0,-0.160028
13,1,3,0,0,0,0.0592204
13,2,1,101854,0,0,-0.0417184
13,2,2,101855,0,0,0.228021
13,2,3,101856,0,0,0.541026
13,3,1,101857,0,0,-0.201896
13,3,2,100639,0,0,0.342905
13,3,3,100640,0,0,-0.150335
13,4,1,100641,0,0,0.0529903
13,4,2,100642,0,0,-0.00927842
13,4,3,100643,0,0,-0.0496786
13,5,1,100756,0,0,0.0624194
13,5,2,100757,0,0,0.049426
13,5,3,100758,0,0,0.0288501
13,6,1,100759,0,0,0.00379592
13,6,2,100760,0,0,0.476238
13,6,3,100761,0,0,0.33045
13,7,1,100762,0,0,-0.181154
13,7,2,100763,0,0,0.111626
13,7,3,100764,0,0,-0.0270709
13,8,1,100765,0,0,0.0693528
13,8,2,100766,0,0,0.0470904
13,8,3,100767,0,0,0.122246
13,9,1,100768,0,0,0.155941
13,9,2,100769,0,0,0.178853
13,9,3,100770,0,0,0.0920313
13,10,1,100771,0,0,0.0935768
13,10,2,100772,0,0,0.0128912
13,10,3,100773,0,0,0.17352
13,11,1,100774,0,0,0.136949
13,11,2,100775,0,0,0.21679
13,11,3,100776,0,0,0.0155695
13,12,1,100777,0,0,-0.124355
13,12,2,100778,0,0,0.0860451
13,12,3,100779,0,0,0.384093
13,13,1,100780,0,0,0.345153
13,13,2,100781,0,0,-0.0441091
13,13,3,100782,0,0,0.115299
13,14,1,102569,0,0,0.355336
13,14,2,100784,0,0,0.119975
13,14,3,100785,0,0,0.335888
13,15,1,100786,0,0,0.282474
13,15,2,100787,0,0,0.401183
13,15,3,100788,0,0,0.137745
13,16,1,100789,0,0,0.495476
13,16,2,100790,0,0,0.682933
13,16,3,100791,0,0,0.26453
13,17,1,100792,0,0,0.115605
13,17,2,100793,0,0,0.263185
13,17,3,100794,0,0,-0.0255866
13,18,1,100795,0,0,-0.148968
13,18,2,100796,0,0,-0.387424
13,18,3,100797,0,0,0.26525
13,19,1,100798,0,0,-0.0318091
13,19,2,100799,0,0,0.470631
13,19,3,100800,0,0,0.231668
13,20,1,100801,0,0,0.301063
13,20,2,100802,0,0,0.216332
13,20,3,102555,0,0,0.220924
13,21,1,102554,0,0,0.13511
13,21,2,101917,0,0,-0.160216
13,21,3,101918,0,0,0.368863
13,22,1,101919,0,0,-0.0135692
13,22,2,101920,0,0,-0.0555104
13,22,3,101921,0,0,0.245629
,,,,,,
14,0,0,3.291,19.32,3.084,
14,0,1,0,4.04,0.33,-0.193704
14,0,2,0,4.04,0.21,0.243406
14,0,3,0,4.84,0.33,0.172014
14,0,4,0,4.84,0.21,-0.392998
14,1,1,0,0,0,0.155147
14,1,2,0,0,0,-0.456981
14,1,3,0,0,0,0.532102
14,2,1,101861,0,0,0.461264
14,2,2,101862,0,0,0.0888782
14,2,3,102551,0,0,0.330542
14,3,1,102550,0,0,0.351434
14,3,2,100806,0,0,-0.0699984
14,3,3,100807,0,0,0.252127
14,4,1,100808,0,0,-0.516472
14,4,2,100809,0,0,-0.0170864
14,4,3,100810,0,0,-0.15134
14,5,1,100811,0,0,0.382105
14,5,2,100812,0,0,-0.0247577
14,5,3,100813,0,0,-0.136975
14,6,1,100814,0,0,0.127039
14,6,2,100815,0,0,-0.30939
14,6,3,100816,0,0,0.0467411
14,7,1,100817,0,0,0.223331
14,7,2,100818,0,0,0.136751
14,7,3,100819,0,0,0.218619
14,8,1,100820,0,0,0.226014
14,8,2,100821,0,0,0.298562
14,8,3,100822,0,0,0.127412
14,9,1,100823,0,0,-0.288258
14,9,2,100824,0,0,0.156205
14,9,3,100825,0,0,-0.0509767
14,10,1,100826,0,0,-0.269305
14,10,2,100827,0,0,0.00268133
14,10,3,100828,0,0,-0.00174746
14,11,1,100829,0,0,0.175052
14,11,2,100830,0,0,-0.0795119
14,11,3,100831,0,0,-0.236713
14,12,1,100832,0,0,0.581945
14,12,2,100833,0,0,-0.00120854
14,12,3,100834,0,0,0.120988
14,13,1,100835,0,0,-0.352697
14,13,2,100836,0,0,0.0708438
14,13,3,100837,0,0,0.059216
14,14,1,102523,0,0,-0.107884
14,14,2,100839,0,0,0.078297
14,14,3,100868,0,0,0.0693142
14,15,1,100869,0,0,-0.0316929
14,15,2,100870,0,0,-0.0295831
14,15,3,100871,0,0,-0.0369012
14,16,1,100872,0,0,0.168533
14,16,2,100873,0,0,-0.0331057
14,16,3,100874,0,0,0.114973
14,17,1,100875,0,0,-0.358584
14,17,2,102565,0,0,-0.14363
14,17,3,100877,0,0,-0.163948
14,18,1,102470,0,0,0
14,18,2,100879,0,0,-0.187632
14,18,3,100880,0,0,-0.183008
14,19,1,102564,0,0,0.199753
14,19,2,100882,0,0,-0.163002
14,19,3,100883,0,0,-0.488337
14,20,1,100884,0,0,0.0642522
14,20,2,100885,0,0,-0.382035
14,20,3,100886,0,0,-0.0607458
14,21,1,100887,0,0,-0.0990333
14,21,2,101922,0,0,-0.141797
14,21,3,101923,0,0,-0.0432232
14,22,1,101924,0,0,-0.39462
14,22,2,102521,0,0,0.0175834
14,22,3,102520,0,0,0.134074
,,,,,,
15,0,0,3.386,21.027,3.084,
15,0,1,0,4.04,0.33,0
15,0,2,0,4.04,0.21,0
15,0,3,0,4.84,0.33,0
15,0,4,0,4.84,0.21,0
15,1,1,0,0,0,0
15,1,2,0,0,0,0
15,1,3,0,0,0,0
15,2,1,101868,0,0,-0.0681504
15,2,2,102566,0,0,-0.803169
15,2,3,101870,0,0,0.0391224
15,3,1,101871,0,0,0.541207
15,3,2,100615,0,0,-0.988626
15,3,3,100840,0,0,0.384433
15,4,1,100841,0,0,0.253198
15,4,2,100842,0,0,0.124514
15,4,3,100843,0,0,0.0484811
15,5,1,100844,0,0,0.0626247
15,5,2,100845,0,0,-0.0449859
15,5,3,100846,0,0,0.0270589
15,6,1,100847,0,0,-0.0680971
15,6,2,100848,0,0,0.0682453
15,6,3,100849,0,0,0.519951
15,7,1,100850,0,0,0.0527762
15,7,2,100851,0,0,-0.30728
15,7,3,100852,0,0,-0.412884
15,8,1,100853,0,0,-0.297297
15,8,2,100854,0,0,0.0872919
15,8,3,100855,0,0,-0.327754
15,9,1,100856,0,0,0.469107
15,9,2,100857,0,0,0.525878
15,9,3,100858,0,0,-0.560635
15,10,1,100859,0,0,-0.227447
15,10,2,102497,0,0,-0.194814
15,10,3,100861,0,0,0.0425839
15,11,1,100862,0,0,-0.0325413
15,11,2,100863,0,0,0.516025
15,11,3,100864,0,0,-0.344239
15,12,1,100865,0,0,-0.314551
15,12,2,100866,0,0,0.541132
15,12,3,100867,0,0,-0.790983
15,13,1,102496,0,0,-0.0771186
15,13,2,100925,0,0,0.143555
15,13,3,100926,0,0,-0.144413
15,14,1,100927,0,0,-0.0141038
15,14,2,100928,0,0,0.0481082
15,14,3,100929,0,0,-0.0190884
15,15,1,100930,0,0,0.0289931
15,15,2,100931,0,0,-0.170673
15,15,3,100932,0,0,0.284215
15,16,1,100933,0,0,-0.0665298
15,16,2,100934,0,0,0.010186
15,16,3,102503,0,0,-0.00396891
15,17,1,100936,0,0,-0.14737
15,17,2,100937,0,0,0.0783522
15,17,3,102502,0,0,-0.0341876
15,18,1,100939,0,0,-0.868775
15,18,2,100940,0,0,-0.0317768
15,18,3,102501,0,0,0.0806778
15,19,1,100942,0,0,-0.0632508
15,19,2,100943,0,0,-0.193527
15,19,3,100944,0,0,0.000436816
15,20,1,100945,0,0,-0.00645675
15,20,2,100946,0,0,0.0345083
15,20,3,100947,0,0,-0.648423
15,21,1,100948,0,0,-1.00257
15,21,2,101927,0,0,-0.220833
15,21,3,101928,0,0,-0.00284687
15,22,1,101929,0,0,0.0308467
15,22,2,101930,0,0,-0.275864
15,22,3,101931,0,0,0.735078
,,,,,,
16,0,0,3.482,22.723,3.084,
16,0,1,0,4.04,0.33,-0.0153741
16,0,2,0,4.04,0.21,-0.596979
16,0,3,0,4.84,0.33,-0.136115
16,0,4,0,4.84,0.21,0.202323
16,1,1,0,0,0,-0.0385818
16,1,2,0,0,0,-0.767988
16,1,3,0,0,0,-0.0788175
16,2,1,0,0,0,-0.184605
16,2,2,101876,0,0,0.00713449
16,2,3,101877,0,0,-0.104511
16,3,1,101878,0,0,-0.34434
16,3,2,100889,0,0,0.112116
16,3,3,100890,0,0,0.383948
16,4,1,100891,0,0,-0.349786
16,4,2,100892,0,0,0.0279467
16,4,3,100893,0,0,-0.122189
16,5,1,100894,0,0,-0.170373
16,5,2,100895,0,0,-0.0718922
16,5,3,100896,0,0,0.117266
16,6,1,100897,0,0,-0.0759321
16,6,2,100898,0,0,0.341098
16,6,3,100899,0,0,-0.0532268
16,7,1,100900,0,0,0.505016
16,7,2,100901,0,0,0.280866
16,7,3,100902,0,0,0.301944
16,8,1,100903,0,0,-0.236876
16,8,2,100904,0,0,0.0526798
16,8,3,100905,0,0,0.102492
16,9,1,100906,0,0,0.280141
16,9,2,100907,0,0,0.687154
16,9,3,100908,0,0,-0.209244
16,10,1,100909,0,0,0.419038
16,10,2,100910,0,0,0.26618
16,10,3,100911,0,0,0.351545
16,11,1,100912,0,0,0.248467
16,11,2,100913,0,0,0.402697
16,11,3,100914,0,0,0.165454
16,12,1,100915,0,0,0.575404
16,12,2,100916,0,0,0.358851
16,12,3,100917,0,0,0.11861
16,13,1,100918,0,0,0.191685
16,13,2,100919,0,0,0.0267908
16,13,3,100920,0,0,0.343983
16,14,1,100921,0,0,0.118129
16,14,2,100922,0,0,0.398266
16,14,3,100923,0,0,0.27419
16,15,1,100950,0,0,0.30462
16,15,2,100951,0,0,0.23791
16,15,3,101002,0,0,-0.0111118
16,16,1,101003,0,0,-0.114317
16,16,2,101004,0,0,0.155669
16,16,3,101005,0,0,0.437898
16,17,1,102572,0,0,0.245659
16,17,2,101007,0,0,0.113412
16,17,3,101064,0,0,0.15799
16,18,1,101065,0,0,0.447512
16,18,2,101066,0,0,-0.0633249
16,18,3,101067,0,0,-0.181796
16,19,1,101068,0,0,0.0649274
16,19,2,101069,0,0,0.146273
16,19,3,101070,0,0,0.151644
16,20,1,102500,0,0,0.540771
16,20,2,101072,0,0,-0.344685
16,20,3,101073,0,0,0.340408
16,21,1,101074,0,0,-0.0248594
16,21,2,101932,0,0,-0.137337
16,21,3,101933,0,0,0.248951
16,22,1,101934,0,0,0.423223
16,22,2,101935,0,0,-0.143817
16,22,3,101936,0,0,0.300527
,,,,,,
17,0,0,3.58,24.418,3.084,
17,0,1,0,4.04,0.33,0.113889
17,0,2,0,4.04,0.21,-0.135138
17,0,3,0,4.84,0.33,0.905322
17,0,4,0,4.84,0.21,0.167067
17,1,1,0,0,0,0.00818439
17,1,2,0,0,0,-0.00555138
17,1,3,0,0,0,-0.151386
17,2,1,101882,0,0,-0.174691
17,2,2,101883,0,0,-0.320377
17,2,3,102504,0,0,-0.296532
17,3,1,101885,0,0,0.227739
17,3,2,101008,0,0,-0.38038
17,3,3,101009,0,0,-0.397675
17,4,1,101010,0,0,0.205373
17,4,2,101011,0,0,-0.459155
17,4,3,101012,0,0,0.330393
17,5,1,101013,0,0,-0.386731
17,5,2,101014,0,0,0.339164
17,5,3,101015,0,0,-0.139923
17,6,1,101016,0,0,-0.348729
17,6,2,101017,0,0,-0.159232
17,6,3,101018,0,0,-0.0479722
17,7,1,101019,0,0,0.149384
17,7,2,101020,0,0,-0.138296
17,7,3,101021,0,0,0.232196
17,8,1,101022,0,0,0.412846
17,8,2,101023,0,0,-0.466248
17,8,3,101024,0,0,-0.0542672
17,9,1,101025,0,0,-0.481914
17,9,2,101026,0,0,-0.486172
17,9,3,101027,0,0,-0.364046
17,10,1,101028,0,0,-0.50335
17,10,2,101029,0,0,-0.317446
17,10,3,101030,0,0,0.00303946
17,11,1,101031,0,0,-0.0388358
17,11,2,102506,0,0,-0.180643
17,11,3,101033,0,0,0.0889356
17,12,1,101034,0,0,0.105348
17,12,2,102553,0,0,-0.444179
17,12,3,101036,0,0,0.0975735
17,13,1,101037,0,0,-0.762268
17,13,2,101038,0,0,0.0270019
17,13,3,101039,0,0,-0.149847
17,14,1,101040,0,0,-0.0640254
17,14,2,101041,0,0,-0.056866
17,14,3,101042,0,0,-0.150505
17,15,1,101043,0,0,-0.153558
17,15,2,101044,0,0,0.291507
17,15,3,102552,0,0,0.645411
17,16,1,101046,0,0,0.0663098
17,16,2,101047,0,0,-0.273783
17,16,3,102549,0,0,-0.173417
17,17,1,102548,0,0,-0.042743
17,17,2,101050,0,0,-0.00358125
17,17,3,101051,0,0,0.0576959
17,18,1,101052,0,0,-0.201871
17,18,2,101053,0,0,-0.055881
17,18,3,101054,0,0,-0.145407
17,19,1,101055,0,0,-0.197848
17,19,2,101056,0,0,-0.151192
17,19,3,101057,0,0,-0.277502
17,20,1,101058,0,0,-0.290836
17,20,2,101059,0,0,-0.407608
17,20,3,101060,0,0,0.194979
17,21,1,101061,0,0,0.178482
17,21,2,101937,0,0,-0.010288
17,21,3,101938,0,0,0.175688
17,22,1,102505,0,0,0.0953675
17,22,2,101940,0,0,0.0923166
17,22,3,101941,0,0,-0.411444
,,,,,,
18,0,0,3.673,26.119,3.084,
18,0,1,0,4.04,0.33,-0.441312
18,0,2,0,4.04,0.21,0.304029
18,0,3,0,4.84,0.33,0.354638
18,0,4,0,4.84,0.21,0.0718651
18,1,1,0,0,0,0.109204
18,1,2,0,0,0,-0.814682
18,1,3,0,0,0,0.145498
18,2,1,101889,0,0,0.0544736
18,2,2,102595,0,0,-0.255214
18,2,3,101891,0,0,0.0315253
18,3,1,101892,0,0,0.153289
18,3,2,100752,0,0,0.109614
18,3,3,102599,0,0,-0.0957744
18,4,1,100754,0,0,-0.256016
18,4,2,100755,0,0,-0.149759
18,4,3,100952,0,0,-0.0674345
18,5,1,100953,0,0,-0.153773
18,5,2,100954,0,0,-0.0386015
18,5,3,100955,0,0,0.0618438
18,6,1,102603,0,0,-0.42085
18,6,2,100957,0,0,-0.322351
18,6,3,100958,0,0,-0.136807
18,7,1,100959,0,0,-0.0669155
18,7,2,100960,0,0,-0.246845
18,7,3,100961,0,0,-0.148014
18,8,1,100962,0,0,0.169566
18,8,2,100963,0,0,-0.22401
18,8,3,100964,0,0,-0.944441
18,9,1,100965,0,0,-0.511563
18,9,2,102602,0,0,-0.0872475
18,9,3,100967,0,0,-0.33102
18,10,1,102508,0,0,-0.187819
18,10,2,100969,0,0,-0.382202
18,10,3,100970,0,0,-0.310255
18,11,1,100971,0,0,-0.0398693
18,11,2,102598,0,0,0.117081
18,11,3,100973,0,0,0.0518337
18,12,1,102576,0,0,0.799396
18,12,2,100975,0,0,-0.166522
18,12,3,100976,0,0,0.0213292
18,13,1,100977,0,0,0.195907
18,13,2,100978,0,0,0.283613
18,13,3,100979,0,0,0.208769
18,14,1,100980,0,0,0.00958738
18,14,2,100981,0,0,0.10214
18,14,3,100982,0,0,0.268351
18,15,1,100983,0,0,-0.158547
18,15,2,100984,0,0,0.253484
18,15,3,100985,0,0,0.605251
18,16,1,100986,0,0,0.265999
18,16,2,102587,0,0,-0.619321
18,16,3,100988,0,0,-0.245289
18,17,1,100989,0,0,-0.440533
18,17,2,100990,0,0,-0.140438
18,17,3,100991,0,0,0.253693
18,18,1,100992,0,0,-0.00672877
18,18,2,100993,0,0,0.41045
18,18,3,100994,0,0,-0.207844
18,19,1,100995,0,0,-0.501919
18,19,2,100996,0,0,-0.182097
18,19,3,100997,0,0,0.0899091
18,20,1,100998,0,0,0.462079
18,20,2,100999,0,0,0.223581
18,20,3,101000,0,0,0.151889
18,21,1,101001,0,0,0.240203
18,21,2,101942,0,0,-0.140006
18,21,3,101943,0,0,-0.0506072
18,22,1,101944,0,0,-0.0678985
18,22,2,101945,0,0,-0.221019
18,22,3,101946,0,0,0.255661
,,,,,,
19,0,0,3.769,27.826,3.084,
19,0,1,0,4.04,0.33,0.591514
19,0,2,0,4.04,0.21,-0.344792
19,0,3,0,4.84,0.33,0.433066
19,0,4,0,4.84,0.21,0.800424
19,1,2,0,0,0,-0.0816256
19,1,3,0,0,0,-0.281229
19,2,1,0,0,0,-0.94913
19,2,2,101897,0,0,-0.357204
19,2,3,101898,0,0,-0.813293
19,3,1,101899,0,0,0.00870369
19,3,2,102509,-0.03,0,0.25813
19,3,3,100699,0,0,0.0333491
19,4,1,100700,0,0,0.0514111
19,4,2,100701,0,0,0.105588
19,4,3,100702,0,0,0.0889231
19,5,1,100703,0,0,-0.179169
19,5,2,100704,0,0,0.221034
19,5,3,100705,0,0,-0.337624
19,6,1,100706,0,0,0.278442
19,6,2,100707,0,0,0.124726
19,6,3,100708,0,0,-0.0994798
19,7,1,100709,0,0,-0.336761
19,7,2,100710,0,0,-0.00686408
19,7,3,100711,0,0,-0.245382
19,8,1,100712,0,0,-0.295981
19,8,2,100713,0,0,0.176312
19,8,3,100714,0,0,-0.381425
19,9,1,100715,0,0,0.0452654
19,9,2,100716,0,0,-0.146645
19,9,3,100717,0,0,0.112562
19,10,1,100718,0,0,-0.180577
19,10,2,100719,0,0,-0.284025
19,10,3,100720,0,0,-0.126948
19,11,1,100721,0,0,-0.130631
19,11,2,100722,0,0,0.0189889
19,11,3,100723,0,0,0.325541
19,12,1,100724,0,0,-0.0166563
19,12,2,100725,0,0,0.0353281
19,12,3,100726,0,0,-0.263726
19,13,1,100727,0,0,-0.27027
19,13,2,100728,0,0,-0.13235
19,13,3,100729,0,0,-0.0489885
19,14,1,100730,0,0,-0.0640752
19,14,2,100731,0,0,0.317546
19,14,3,100732,0,0,-0.0688933
19,15,1,100733,0,0,-0.0122555
19,15,2,100734,0,0,0.205413
19,15,3,100735,0,0,0.297653
19,16,1,100736,0,0,-0.482097
19,16,2,100737,0,0,-0.355156
19,16,3,100738,0,0,0.0403926
19,17,1,100739,0,0,0.0355277
19,17,2,100740,0,0,-0.180821
19,17,3,100741,0,0,-0.362277
19,18,1,100742,0,0,-0.0267399
19,18,2,100743,0,0,0.0428343
19,18,3,100744,0,0,0.332092
19,19,1,100745,0,0,-0.270624
19,19,2,100746,0,0,0.259819
19,19,3,100747,0,0,0.339146
19,20,1,102510,0,0,0.291643
19,20,2,100749,0,0,0.00809138
19,20,3,100750,0,0,0.226596
19,21,1,102511,0,0,0.206773
19,21,2,101947,0,0,-0.0973037
19,21,3,101948,0,0,-0.572615
19,22,1,101949,0,0,-0.221512
19,22,2,101950,0,0,-0.276428
19,22,3,101951,0,0,0.0650341
,,,,,,
20,0,0,3.87,29.53,3.084,
20,0,1,0,4.04,0.33,0.0850599
20,0,2,0,4.04,0.21,-0.283977
20,0,3,0,4.84,0.33,-0.0423502
20,0,4,0,4.84,0.21,-0.116431
20,1,1,0,0,0,0.0685869
20,1,2,0,0,0,-0.317473
20,1,3,0,0,0,0.378947
20,2,1,101903,0,0,-0.0340422
20,2,2,101904,0,0,0.0905759
20,2,3,101905,0,0,-0.142003
20,3,1,102507,0,0,-0.0753083
20,3,2,100644,0,0,-0.405792
20,3,3,100645,0,0,-0.103068
20,4,1,100646,0,0,-0.187644
20,4,2,100647,0,0,-0.119457
20,4,3,100648,0,0,-0.184748
20,5,1,100649,0,0,-0.108665
20,5,2,100650,0,0,0.142559
20,5,3,100651,0,0,-0.78549
20,6,1,100652,0,0,-0.218044
20,6,2,100653,0,0,0.329574
20,6,3,100654,0,0,0.0468123
20,7,1,100655,0,0,-0.513501
20,7,2,100656,0,0,-0.0658238
20,7,3,100657,0,0,0.255124
20,8,1,100658,0,0,0.0374954
20,8,2,100659,0,0,-0.325033
20,8,3,100660,0,0,0.403272
20,9,1,100661,0,0,-0.0723492
20,9,2,100662,0,0,-0.0654367
20,9,3,100663,0,0,-0.285351
20,10,1,100664,0,0,-0.476345
20,10,2,100665,0,0,-0.340939
20,10,3,100666,0,0,0.172027
20,11,1,100667,0,0,-0.174545
20,11,2,100668,0,0,0.131215
20,11,3,100669,0,0,0.0815764
20,12,1,100670,0,0,-0.367029
20,12,2,100671,0,0,-0.176892
20,12,3,100672,0,0,-0.114497
20,13,1,100673,0,0,-0.0556328
20,13,2,100674,0,0,-0.141876
20,13,3,100675,0,0,0.13156
20,14,1,100676,0,0,-0.0846274
20,14,2,100677,0,0,-0.168955
20,14,3,100678,0,0,0.0649361
20,15,1,100679,0,0,-0.0403046
20,15,2,100680,0,0,0.132066
20,15,3,100681,0,0,0.203949
20,16,1,100682,0,0,0.0120527
20,16,2,100683,0,0,-0.0293736
20,16,3,100684,0,0,0.0352664
20,17,1,100685,0,0,-0.0193944
20,17,2,100686,0,0,0.224504
20,17,3,100687,0,0,-0.300208
20,18,1,100688,0,0,0.556186
20,18,2,100689,0,0,-0.34436
20,18,3,100690,0,0,0.18942
20,19,1,100691,0,0,-0.264168
20,19,2,100692,0,0,-0.0303996
20,19,3,100693,0,0,-0.12901
20,20,1,100694,0,0,-0.0537898
20,20,2,100695,0,0,0.228578
20,20,3,100696,0,0,0.48481
20,21,1,102515,0,0,-0.0986104
20,21,2,101952,0,0,0.210843
20,21,3,101953,0,0,0.0688932
20,22,1,101954,0,0,0.342159
20,22,2,101955,0,0,0.158976
20,22,3,101956,0,0,0.193183
,,,,,,
21,0,0,4.037,32.172,3.078,
21,0,1,0,4.04,0.33,0
21,0,2,0,4.04,0.21,0
21,0,3,0,4.84,0.33,0
21,0,4,0,4.84,0.21,0
21,1,1,0,0,0,0
21,1,2,0,0,0,0
21,1,3,0,0,0,0
21,2,1,0,0,0,0
21,2,2,101743,0,0,-0.286717
21,2,3,101742,0,0,-0.71182
21,3,1,101741,0,0,-0.320243
21,3,2,102640,0.03,0,0.185681
21,3,3,102641,0,0,0.27145
21,4,1,101094,0,0,0.416014
21,4,2,101095,0,0,0.24394
21,4,3,101096,0,0,0.045853
21,5,1,101097,0,0,0.658989
21,5,2,101098,0,0,0.0385837
21,5,3,101099,0,0,0.101413
21,6,1,101100,0,0,0.614372
21,6,2,101101,0,0,0.48126
21,6,3,101102,0,0,0.541318
21,7,1,101103,0,0,0.0985289
21,7,2,101104,0,0,-0.128377
21,7,3,101105,0,0,-0.0884879
21,8,1,101106,0,0,0.365817
21,8,2,101107,0,0,-0.147078
21,8,3,101108,0,0,0.285195
21,9,1,101109,0,0,0.455169
21,9,2,101110,0,0,0.302912
21,9,3,101111,0,0,0.0305002
21,10,1,101112,0,0,0.403934
21,10,2,101113,0,0,0.581357
21,10,3,101114,0,0,-0.149485
21,11,1,101115,0,0,0.736381
21,11,2,101116,0,0,0.108859
21,11,3,101117,0,0,0.907341
21,12,1,101118,0,0,0.0676651
21,12,2,101119,0,0,0.768089
21,12,3,101120,0,0,-0.0662773
21,13,1,101121,0,0,0.296836
21,13,2,101122,0,0,0.133166
21,13,3,101123,0,0,0.301973
21,14,1,101124,0,0,0.551371
21,14,2,101125,0,0,0.292078
21,14,3,101126,0,0,0.0947101
21,15,1,101127,0,0,0.76978
21,15,2,101128,0,0,0.781074
21,15,3,101129,0,0,0.267858
21,16,1,101130,0,0,0.490641
21,16,2,101131,0,0,0.0938128
21,16,3,101132,0,0,0.0828692
21,17,1,101133,0,0,0.168341
21,17,2,101134,0,0,0.145368
21,17,3,101135,0,0,0.305583
21,18,1,101136,0,0,0.187847
21,18,2,101137,0,0,0.233547
21,18,3,101138,0,0,0.120358
21,19,1,101139,0,0,0.587827
21,19,2,101140,0,0,0.380229
21,19,3,101141,0,0,0.593323
21,20,1,101142,0,0,-0.416908
21,20,2,101143,0,0,0.167369
21,20,3,101144,0,0,0.189701
21,21,1,102259,0,0,0.0204594
21,21,2,102295,0,0,0.782348
21,21,3,102294,0,0,-0.0319087
21,22,1,102293,0,0,0.154744
21,22,2,102292,0,0,0.304736
21,22,3,102291,0,0,0.0589391
,,,,,,
22,0,0,4.147,33.871,3.078,
22,0,1,0,4.04,0.33,0
22,0,2,0,4.04,0.21,0
22,0,3,0,4.84,0.33,0
22,0,4,0,4.84,0.21,0
22,1,1,,0,0,0
22,1,2,,0,0,0
22,1,3,,0,0,0
22,2,1,,0,0,0
22,2,2,101750,0,0,-0.262279
22,2,3,101749,0,0,0.401531
22,3,1,101748,0,0,0.493906
22,3,2,102642,0.03,0,-0.0730506
22,3,3,101146,0,0,0.287751
22,4,1,101147,0,0,0.331857
22,4,2,101148,0,0,0.150548
22,4,3,101149,0,0,0.246634
22,5,1,101150,0,0,0.0902483
22,5,2,101151,0,0,-0.202335
22,5,3,101152,0,0,0.309849
22,6,1,101153,0,0,-0.021257
22,6,2,101154,0,0,0.719886
22,6,3,101155,0,0,0.107205
22,7,1,101156,0,0,0.134186
22,7,2,101157,0,0,-0.0360376
22,7,3,101158,0,0,0.0764926
22,8,1,102636,0,0,0.684132
22,8,2,101160,0,0,-0.0943738
22,8,3,101161,0,0,0.386515
22,9,1,101162,0,0,-0.0568201
22,9,2,101163,0,0,-0.189911
22,9,3,101164,0,0,0.25407
22,10,1,101165,0,0,0.0659261
22,10,2,101166,0,0,-0.475084
22,10,3,101167,0,0,0.259586
22,11,1,101168,0,0,5.83846E-05
22,11,2,101169,0,0,-0.0576105
22,11,3,101170,0,0,0.18832
22,12,1,101171,0,0,-0.180127
22,12,2,101172,0,0,0.357048
22,12,3,101173,0,0,0.659098
22,13,1,101174,0,0,0.186844
22,13,2,101175,0,0,0.613509
22,13,3,101176,0,0,0.146198
22,14,1,101177,0,0,-0.0863096
22,14,2,101178,0,0,0.181343
22,14,3,101179,0,0,0.529961
22,15,1,101180,0,0,0.122786
22,15,2,101181,0,0,-0.0120414
22,15,3,101182,0,0,0.326032
22,16,1,101183,0,0,0.389776
22,16,2,101184,0,0,0.125458
22,16,3,101185,0,0,0.0449115
22,17,1,101186,0,0,0.037377
22,17,2,101187,0,0,-0.00846732
22,17,3,101188,0,0,0.0273689
22,18,1,102512,0,0,-0.571446
22,18,2,101190,0,0,-0.135775
22,18,3,101191,0,0,-0.493939
22,19,1,102519,0,0,0.39274
22,19,2,101193,0,0,0.39475
22,19,3,101194,0,0,0.359636
22,20,1,101195,0,0,0.461111
22,20,2,101196,0,0,0.375113
22,20,3,101197,0,0,-0.0772991
22,21,1,101198,0,0,0.372126
22,21,2,102286,0,0,0.130222
22,21,3,102287,0,0,-0.0365363
22,22,1,102288,0,0,0.239033
22,22,2,102289,0,0,0.222669
22,22,3,102290,0,0,-0.0783088
,,,,,,
23,0,0,4.245,35.554,3.079,
23,0,1,0,4.04,0.33,0
23,0,2,0,4.04,0.21,0
23,0,3,0,4.84,0.33,0
23,0,4,0,4.84,0.21,0
23,1,1,0,0,0,0
23,1,2,0,0,0,0
23,1,3,0,0,0,0
23,2,1,0,0,0,0
23,2,2,101756,0,0,-0.239182
23,2,3,101755,0,0,0.136965
23,3,1,101754,0,0,-0.0819007
23,3,2,102639,0.03,0,0.0917626
23,3,3,101205,0,0,-0.008445
23,4,1,101206,0,0,0.00534056
23,4,2,102516,0,0,-0.103643
23,4,3,101208,0,0,0.254607
23,5,1,101209,0,0,-0.197023
23,5,2,101210,0,0,1.21207
23,5,3,101211,0,0,0.0644351
23,6,1,101212,0,0,-0.286479
23,6,2,101213,0,0,0.0276049
23,6,3,102638,0,0,0.0271011
23,7,1,101215,0,0,0.154395
23,7,2,101216,0,0,0.0253313
23,7,3,101217,0,0,-0.391174
23,8,1,101218,0,0,-0.196019
23,8,2,101219,0,0,0.465365
23,8,3,101220,0,0,-0.553898
23,9,1,101221,0,0,0.643865
23,9,2,101222,0,0,0.100975
23,9,3,101223,0,0,1.40332
23,10,1,101224,0,0,-0.648275
23,10,2,101225,0,0,0.0322938
23,10,3,101228,0,0,0.658006
23,11,1,101226,0,0,0.0156345
23,11,2,101227,0,0,0.282441
23,11,3,101229,0,0,-0.0174039
23,12,1,101230,0,0,-0.437319
23,12,2,101231,0,0,0.264768
23,12,3,101232,0,0,0.660442
23,13,1,101233,0,0,-0.140097
23,13,2,101234,0,0,-0.293707
23,13,3,101235,0,0,0.209196
23,14,1,101236,0,0,0.0459709
23,14,2,101237,0,0,-0.0598372
23,14,3,101238,0,0,0.110898
23,15,1,101239,0,0,0.794846
23,15,2,102637,0,0,0.355399
23,15,3,101241,0,0,0.01638
23,16,1,101242,0,0,-0.460959
23,16,2,101243,0,0,0.205772
23,16,3,101244,0,0,-0.276092
23,17,1,101245,0,0,-0.91397
23,17,2,101246,0,0,0.504144
23,17,3,101247,0,0,0.0177945
23,18,1,101248,0,0,0.346587
23,18,2,101249,0,0,0.331893
23,18,3,101250,0,0,-0.181575
23,19,1,101251,0,0,-0.301286
23,19,2,101252,0,0,-0.341608
23,19,3,101253,0,0,-0.245445
23,20,1,101254,0,0,0.205386
23,20,2,101255,0,0,-0.896466
23,20,3,101256,0,0,-0.704525
23,21,1,102302,0,0,-0.298359
23,21,2,102672,0,0,0.392102
23,21,3,102671,0,0,0.162138
23,22,1,102670,0,0,0.181232
23,22,2,102669,0,0,0.0450676
23,22,3,102668,0,0,-0.169276
,,,,,,
24,0,0,4.348,37.277,3.079,
24,0,1,0,4.04,0.33,0
24,0,2,0,4.04,0.21,0
24,0,3,0,4.84,0.33,0
24,0,4,0,4.84,0.21,0
24,1,1,0,0,0,0
24,1,2,0,0,0,0
24,1,3,0,0,0,0
24,2,1,0,0,0,0
24,2,2,102257,0,0,-0.0836631
24,2,3,101763,0,0,-0.216529
24,3,1,101762,0,0,-0.49896
24,3,2,102643,0.03,0,0.456289
24,3,3,102263,0,0,1.03952
24,4,1,102267,0,0,-0.0550215
24,4,2,102266,0,0,-0.127102
24,4,3,101262,0,0,0.455427
24,5,1,102301,0,0,-0.0931787
24,5,2,101264,0,0,-0.034506
24,5,3,102664,0,0,-0.142038
24,6,1,101266,0,0,-0.354417
24,6,2,101267,0,0,0.455185
24,6,3,101268,0,0,0.235052
24,7,1,101269,0,0,0.519723
24,7,2,101270,0,0,0.481204
24,7,3,101271,0,0,0.302025
24,8,1,101272,0,0,-0.397695
24,8,2,101273,0,0,-0.860146
24,8,3,101274,0,0,-0.123051
24,9,1,101275,0,0,-0.346363
24,9,2,101276,0,0,-0.611636
24,9,3,101277,0,0,-0.565779
24,10,1,101278,0,0,-0.0743193
24,10,2,101279,0,0,0.0244715
24,10,3,101280,0,0,-0.318606
24,11,1,101281,0,0,0.190612
24,11,2,101282,0,0,0.441512
24,11,3,101283,0,0,0.224872
24,12,1,101284,0,0,0.354418
24,12,2,101285,0,0,0.751212
24,12,3,101286,0,0,-0.0719917
24,13,1,101287,0,0,0.0223346
24,13,2,102660,0,0,0.31913
24,13,3,102517,0,0,-0.409055
24,14,1,101290,0,0,-0.493871
24,14,2,101291,0,0,0.229778
24,14,3,101292,0,0,-0.526647
24,15,1,102518,0,0,-1.29098
24,15,2,101294,0,0,-0.00392522
24,15,3,101295,0,0,-0.208809
24,16,1,101296,0,0,0.0981496
24,16,2,101297,0,0,0.130753
24,16,3,101298,0,0,-0.414349
24,17,1,101299,0,0,0.200496
24,17,2,101300,0,0,0.189122
24,17,3,101301,0,0,0.360178
24,18,1,101302,0,0,-0.581863
24,18,2,101303,0,0,0.545863
24,18,3,101304,0,0,0.550201
24,19,1,101305,0,0,-0.826026
24,19,2,102514,0,0,0.629263
24,19,3,101307,0,0,-0.55857
24,20,1,101308,0,0,0.196359
24,20,2,101309,0,0,-0.538282
24,20,3,101310,0,0,-0.579324
24,21,1,101311,0,0,1.2188
24,21,2,102607,0,0,-0.278913
24,21,3,102663,0,0,0.205914
24,22,1,102667,0,0,0.0116694
24,22,2,102666,0,0,0.182235
24,22,3,102665,0,0,0.39691
,,,,,,
25,0,0,4.43,38.972,3.079,
25,0,1,0,4.04,0.33,0
25,0,2,0,4.04,0.21,0
25,0,3,0,4.84,0.33,0
25,0,4,0,4.84,0.21,0
25,1,1,0,0,0,0
25,1,2,0,0,0,0
25,1,3,0,0,0,0
25,2,1,0,0,0,0
25,2,2,101770,0,0,-0.150873
25,2,3,101769,0,0,-0.210453
25,3,1,101768,0,0,-0.266613
25,3,2,102647,0.03,0,0.187526
25,3,3,101200,0,0,0.191128
25,4,1,102646,0,0,0.014387
25,4,2,101202,0,0,0.330739
25,4,3,101203,0,0,-0.242329
25,5,1,101316,0,0,-0.27119
25,5,2,101317,0,0,-0.0695382
25,5,3,101318,0,0,0.176574
25,6,1,101319,0,0,0.144649
25,6,2,101320,0,0,-0.0405683
25,6,3,101321,0,0,0.145272
25,7,1,101322,0,0,-0.185772
25,7,2,101323,0,0,-0.176814
25,7,3,101324,0,0,0.0264858
25,8,1,101325,0,0,-0.166192
25,8,2,101326,0,0,0.14756
25,8,3,101327,0,0,0.347199
25,9,1,101328,0,0,-0.24874
25,9,2,101329,0,0,0.211455
25,9,3,101330,0,0,-0.312028
25,10,1,101331,0,0,-0.0475212
25,10,2,101332,0,0,0.155268
25,10,3,101333,0,0,0.594284
25,11,1,101334,0,0,-0.0644566
25,11,2,102661,0,0,0.435384
25,11,3,101336,0,0,0.331592
25,12,1,101337,0,0,0.309504
25,12,2,101338,0,0,-0.000518308
25,12,3,101339,0,0,0.0752217
25,13,1,101340,0,0,0.309853
25,13,2,101341,0,0,0.178209
25,13,3,101342,0,0,0.0517822
25,14,1,101343,0,0,0.374213
25,14,2,101394,0,0,-0.0177757
25,14,3,102662,0,0,0.753889
25,15,1,101396,0,0,0.839961
25,15,2,101397,0,0,-0.00741981
25,15,3,101398,0,0,0.185963
25,16,1,101399,0,0,0.676207
25,16,2,102265,0,0,0.338853
25,16,3,101610,0,0,0.281555
25,17,1,101611,0,0,0.140206
25,17,2,101612,0,0,0.299246
25,17,3,101613,0,0,0.227163
25,18,1,101614,0,0,0.0251596
25,18,2,101615,0,0,0.325581
25,18,3,101616,0,0,-0.0125562
25,19,1,101617,0,0,0.147165
25,19,2,101618,0,0,0.376202
25,19,3,101619,0,0,-0.139456
25,20,1,101620,0,0,0.462064
25,20,2,101621,0,0,0.269977
25,20,3,101622,0,0,-0.111288
25,21,1,101623,0,0,0.0332475
25,21,2,102606,0,0,-0.0902637
25,21,3,102604,0,0,-0.000505333
25,22,1,102611,0,0,0.394201
25,22,2,102610,0,0,-0.0426177
25,22,3,102609,0,0,0.132004
,,,,,,
26,0,0,4.57,40.68,3.078,
26,0,1,0,4.04,0.33,0
26,0,2,0,4.04,0.21,0
26,0,3,0,4.84,0.33,0
26,0,4,0,4.84,0.21,0
26,1,1,0,0,0,0
26,1,2,0,0,0,0
26,1,3,0,0,0,0
26,2,1,0,0,0,0
26,2,2,101777,0,0,0.319317
26,2,3,101776,0,0,0.311444
26,3,1,101775,0,0,0.0654165
26,3,2,102645,0.03,0,0.32574
26,3,3,101544,0,0,0.00868999
26,4,1,101545,0,0,0.0483165
26,4,2,101546,0,0,0.372169
26,4,3,101547,0,0,-0.0711305
26,5,1,101548,0,0,-0.0801286
26,5,2,102544,0,0,0.147448
26,5,3,101550,0,0,0.0555861
26,6,1,101551,0,0,-0.00788236
26,6,2,101552,0,0,0.744853
26,6,3,101553,0,0,0.189184
26,7,1,101554,0,0,0.535073
26,7,2,101555,0,0,1.04057
26,7,3,101556,0,0,0.748104
26,8,1,101557,0,0,0.225576
26,8,2,101558,0,0,0.208854
26,8,3,101559,0,0,0.343895
26,9,1,101560,0,0,0.486158
26,9,2,101561,0,0,-0.0738983
26,9,3,101562,0,0,0.188843
26,10,1,101563,0,0,0.205708
26,10,2,101567,0,0,0.26403
26,10,3,101566,0,0,-0.336078
26,11,1,101565,0,0,0.204835
26,11,2,101564,0,0,-0.0115198
26,11,3,101568,0,0,0.367453
26,12,1,101569,0,0,0.0834891
26,12,2,101570,0,0,0.401421
26,12,3,101571,0,0,-0.072251
26,13,1,101572,0,0,0.459696
26,13,2,101573,0,0,-0.127802
26,13,3,101574,0,0,0.160934
26,14,1,101575,0,0,0.129509
26,14,2,101576,0,0,0.343598
26,14,3,101577,0,0,0.0463096
26,15,1,101578,0,0,0.75413
26,15,2,101579,0,0,0.536698
26,15,3,101580,0,0,-0.0589138
26,16,1,101581,0,0,-0.0840834
26,16,2,101582,0,0,0.834514
26,16,3,101583,0,0,0.091796
26,17,1,101584,0,0,0.324187
26,17,2,101585,0,0,0.106248
26,17,3,101586,0,0,0.572118
26,18,1,101587,0,0,0.27243
26,18,2,101588,0,0,0.366195
26,18,3,101589,0,0,-0.15244
26,19,1,101590,0,0,-0.31726
26,19,2,101591,0,0,-0.0481173
26,19,3,101592,0,0,0.1095
26,20,1,101593,0,0,0.213723
26,20,2,101594,0,0,0.0957355
26,20,3,101595,0,0,0.280899
26,21,1,101596,0,0,0.377729
26,21,2,102615,0,0,0.291972
26,21,3,102614,0,0,0.354399
26,22,1,102613,0,0,0.179309
26,22,2,102612,0,0,0.341283
26,22,3,102608,0,0,0.108347
,,,,,,
27,0,0,4.662,42.388,3.078,
27,0,1,0,4.04,0.33,0
27,0,2,0,4.04,0.21,0
27,0,3,0,4.84,0.33,0
27,0,4,0,4.84,0.21,0
27,1,1,0,0,0,0
27,1,2,0,0,0,0
27,1,3,0,0,0,0
27,2,1,0,0,0,0
27,2,2,102324,0,0,-0.163614
27,2,3,102325,0,0,0.327966
27,3,1,102326,0,0,0.414789
27,3,2,102327,0.03,0,0.180899
27,3,3,102328,0,0,0.0986372
27,4,1,102329,0,0,-0.037499
27,4,2,102330,0,0,0.0799466
27,4,3,102331,0,0,0.207896
27,5,1,102332,0,0,0.148978
27,5,2,102541,0,0,0.339
27,5,3,102334,0,0,0.141573
27,6,1,102335,0,0,0.322194
27,6,2,102336,0,0,0.186502
27,6,3,102337,0,0,0.210846
27,7,1,102338,0,0,0.209241
27,7,2,102339,0,0,0.466123
27,7,3,102340,0,0,0.285569
27,8,1,102341,0,0,0.0594189
27,8,2,102342,0,0,-0.0702728
27,8,3,102343,0,0,0.0379382
27,9,1,102344,0,0,0.355441
27,9,2,102345,0,0,0.109777
27,9,3,103112,0,0,0
27,10,1,102347,0,0,0.0816507
27,10,2,102348,0,0,0.696481
27,10,3,102349,0,0,0.373717
27,11,1,102350,0,0,0.339957
27,11,2,102351,0,0,0.0665802
27,11,3,102352,0,0,0.0904145
27,12,1,102353,0,0,0.20465
27,12,2,102354,0,0,0.419035
27,12,3,102355,0,0,0.488284
27,13,1,102356,0,0,0.53566
27,13,2,102357,0,0,0.325613
27,13,3,102274,0,0,0.260382
27,14,1,102275,0,0,-0.327291
27,14,2,102277,0,0,0.0488663
27,14,3,102278,0,0,0.150641
27,15,1,102276,0,0,0.15643
27,15,2,102279,0,0,0.05049
27,15,3,102283,0,0,-0.376386
27,16,1,102282,0,0,-0.421857
27,16,2,102323,0,0,-0.224207
27,16,3,102322,0,0,-0.133355
27,17,1,102320,0,0,0.327407
27,17,2,102317,0,0,0.349074
27,17,3,102316,0,0,0.744203
27,18,1,102321,0,0,0.0315299
27,18,2,102318,0,0,0.0605018
27,18,3,102319,0,0,0.0394291
27,19,1,102312,0,0,-0.123825
27,19,2,102313,0,0,0.504181
27,19,3,102314,0,0,0.466615
27,20,1,102315,0,0,0.129284
27,20,2,102308,0,0,0.0172509
27,20,3,102309,0,0,0.207854
27,21,1,102310,0,0,0.172255
27,21,2,102311,0,0,0.136913
27,21,3,102307,0,0,-0.241127
27,22,1,102306,0,0,0.0534823
27,22,2,102305,0,0,0.0909765
27,22,3,102304,0,0,0.0222111
,,,,,,
28,0,0,4.771,44.085,3.078,
28,0,1,0,4.04,0.33,0
28,0,2,0,4.04,0.21,0
28,0,3,0,4.84,0.33,0
28,0,4,0,4.84,0.21,0
28,1,1,0,0,0,0
28,1,2,0,0,0,0
28,1,3,0,0,0,0
28,2,1,0,0,0,0
28,2,2,101791,0,0,-0.2469
28,2,3,101790,0,0,0.32165
28,3,1,101789,0,0,0.0180429
28,3,2,102648,0.03,0,0.485785
28,3,3,101490,0,0,-0.0827359
28,4,1,101491,0,0,-0.262278
28,4,2,101492,0,0,-0.22356
28,4,3,101493,0,0,-0.223237
28,5,1,102300,0,0,0.0825391
28,5,2,102540,0,0,0.0981627
28,5,3,101496,0,0,0.235028
28,6,1,101497,0,0,0.369288
28,6,2,102258,0,0,0.632591
28,6,3,101499,0,0,-0.0180629
28,7,1,101500,0,0,0.797722
28,7,2,101501,0,0,-0.545587
28,7,3,101502,0,0,0.221695
28,8,1,101503,0,0,-0.805476
28,8,2,101504,0,0,0.492628
28,8,3,101505,0,0,-0.267023
28,9,1,101506,0,0,0.367912
28,9,2,101507,0,0,-0.0899188
28,9,3,101508,0,0,0.348757
28,10,1,101509,0,0,0.268324
28,10,2,101510,0,0,0.403645
28,10,3,101511,0,0,-0.497367
28,11,1,101512,0,0,0.0375001
28,11,2,101513,0,0,-0.0505581
28,11,3,101514,0,0,0.13579
28,12,1,101515,0,0,-0.053217
28,12,2,101516,0,0,0.263111
28,12,3,101517,0,0,0.525323
28,13,1,101518,0,0,0.393462
28,13,2,101519,0,0,0.266951
28,13,3,101520,0,0,-0.130191
28,14,1,101521,0,0,-0.498333
28,14,2,101522,0,0,0.137574
28,14,3,101523,0,0,0.215999
28,15,1,101524,0,0,0.0369909
28,15,2,101525,0,0,0.374752
28,15,3,101526,0,0,0.121877
28,16,1,101527,0,0,-0.0420624
28,16,2,101528,0,0,0.193302
28,16,3,101529,0,0,-0.0456473
28,17,1,101530,0,0,0.233724
28,17,2,101531,0,0,0.4855
28,17,3,101532,0,0,0.00631467
28,18,1,101533,0,0,0.298992
28,18,2,101534,0,0,-0.0673917
28,18,3,101535,0,0,0.0796679
28,19,1,101536,0,0,0.41249
28,19,2,101537,0,0,0.125707
28,19,3,101538,0,0,0.452998
28,20,1,101539,0,0,0.252767
28,20,2,101540,0,0,0.388889
28,20,3,101541,0,0,0.307662
28,21,1,101542,0,0,0.326771
28,21,2,102298,0,0,-0.247849
28,21,3,102297,0,0,0.0751413
28,22,1,102684,0,0,0.401576
28,22,2,102685,0,0,0.0570737
28,22,3,102686,0,0,0.0236242
,,,,,,
29,0,0,4.883,45.769,3.079,
29,0,1,0,4.04,0.33,0
29,0,2,0,4.04,0.21,0
29,0,3,0,4.84,0.33,0
29,0,4,0,4.84,0.21,0
29,1,1,0,0,0,0
29,1,2,0,0,0,0
29,1,3,0,0,0,0
29,2,1,0,0,0,0
29,2,2,102605,0,0,-0.228274
29,2,3,101797,0,0,-0.0475854
29,3,1,101796,0,0,-0.0540534
29,3,2,102649,0.03,0,0.0399268
29,3,3,101436,0,0,0.323666
29,4,1,101437,0,0,-0.00434811
29,4,2,101438,0,0,0.410857
29,4,3,101439,0,0,0.0208865
29,5,1,101440,0,0,0.221745
29,5,2,102537,0,0,0.40715
29,5,3,101442,0,0,0.0642644
29,6,1,102380,0,0,0.3
29,6,2,101444,0,0,0.204316
29,6,3,101445,0,0,-0.253961
29,7,1,101446,0,0,-0.289442
29,7,2,101447,0,0,0.246511
29,7,3,101448,0,0,0.345221
29,8,1,101449,0,0,0.283027
29,8,2,101450,0,0,-0.184764
29,8,3,101451,0,0,0.278882
29,9,1,101452,0,0,-0.00707975
29,9,2,101453,0,0,-0.165096
29,9,3,101454,0,0,0.389621
29,10,1,101455,0,0,0.221044
29,10,2,102675,0,0,-0.113014
29,10,3,101457,0,0,-0.148136
29,11,1,101458,0,0,-0.27244
29,11,2,101459,0,0,0.310309
29,11,3,101460,0,0,0.104609
29,12,1,101461,0,0,-0.388945
29,12,2,101462,0,0,-0.176361
29,12,3,101463,0,0,-0.0301592
29,13,1,102677,0,0,0.467059
29,13,2,101465,0,0,-0.484074
29,13,3,101466,0,0,-0.326625
29,14,1,101467,0,0,0.20394
29,14,2,101468,0,0,0.102265
29,14,3,101469,0,0,0.0540393
29,15,1,101470,0,0,-0.0812584
29,15,2,101471,0,0,-0.410378
29,15,3,101472,0,0,-0.000995737
29,16,1,101473,0,0,-0.0530805
29,16,2,101474,0,0,0.405761
29,16,3,101475,0,0,0.0812781
29,17,1,101476,0,0,0.185919
29,17,2,101477,0,0,-0.120826
29,17,3,101478,0,0,-0.336618
29,18,1,102680,0,0,0.223483
29,18,2,101480,0,0,0.249328
29,18,3,101481,0,0,-0.419892
29,19,1,101482,0,0,-0.036662
29,19,2,101483,0,0,-0.045896
29,19,3,101484,0,0,0.268289
29,20,1,101485,0,0,0.0574617
29,20,2,101486,0,0,0.548294
29,20,3,101487,0,0,0.155879
29,21,1,101488,0,0,0.40768
29,21,2,102655,0,0,0.00077091
29,21,3,102654,0,0,0.660101
29,22,1,102653,0,0,0.674606
29,22,2,102652,0,0,0.604607
29,22,3,102659,0,0,0.114358
,,,,,,
30,0,0,5.012,47.517,3.077,
30,0,1,0,4.04,0.33,0
30,0,2,0,4.04,0.21,0
30,0,3,0,4.84,0.33,0
30,0,4,0,4.84,0.21,0
30,1,1,0,0,0,0
30,1,2,0,0,0,0
30,1,3,0,0,0,0
30,2,1,0,0,0,0
30,2,2,101805,0,0,0.0674152
30,2,3,101804,0,0,0.0328394
30,3,1,101803,0,0,-0.148126
30,3,2,102650,0.03,0,0.304699
30,3,3,101063,0,0,-0.191501
30,4,1,101075,0,0,0.301907
30,4,2,101076,0,0,0.16186
30,4,3,101077,0,0,0.370418
30,5,1,102262,0,0,-0.35052
30,5,2,102536,0,0,0.384381
30,5,3,101080,0,0,-0.189432
30,6,1,101081,0,0,0.238484
30,6,2,101082,0,0,0.521964
30,6,3,102261,0,0,0.711035
30,7,1,101084,0,0,-0.12411
30,7,2,101085,0,0,0.0155016
30,7,3,101086,0,0,0.499181
30,8,1,101087,0,0,0.166878
30,8,2,101088,0,0,0.425749
30,8,3,101089,0,0,0.788794
30,9,1,101090,0,0,-0.299169
30,9,2,101091,0,0,0.317128
30,9,3,101400,0,0,0.0913387
30,10,1,101401,0,0,-0.284302
30,10,2,101402,0,0,0.182245
30,10,3,101403,0,0,0.196453
30,11,1,102674,0,0,-0.0639488
30,11,2,101405,0,0,-0.0209424
30,11,3,102673,0,0,0.885016
30,12,1,102676,0,0,0.139429
30,12,2,101408,0,0,0.126645
30,12,3,101409,0,0,0.227411
30,13,1,101410,0,0,0.248629
30,13,2,101411,0,0,0.117616
30,13,3,101412,0,0,0.137668
30,14,1,101413,0,0,0.133419
30,14,2,101414,0,0,0.084421
30,14,3,101415,0,0,-0.0163141
30,15,1,101416,0,0,0.358926
30,15,2,101417,0,0,0.441581
30,15,3,101418,0,0,0.354457
30,16,1,101419,0,0,0.342546
30,16,2,102678,0,0,0.337703
30,16,3,101421,0,0,-0.223311
30,17,1,101422,0,0,-0.405203
30,17,2,101423,0,0,0.411152
30,17,3,102679,0,0,0.889482
30,18,1,101425,0,0,-0.117006
30,18,2,101426,0,0,0.0134437
30,18,3,102635,0,0,0.727373
30,19,1,102634,0,0,0.678908
30,19,2,101429,0,0,-0.0848929
30,19,3,101430,0,0,0.182945
30,20,1,101431,0,0,0.19427
30,20,2,102633,0,0,0.469347
30,20,3,102632,0,0,0.130819
30,21,1,101434,0,0,-0.0929964
30,21,2,102651,0,0,0.893789
30,21,3,102681,0,0,0.0236203
30,22,1,102682,0,0,0.175298
30,22,2,102683,0,0,0.122723
30,22,3,102687,0,0,-0.0681428
,,,,,,
31,0,0,5.166,50.16,3.069,
31,0,1,0,4.04,0.33,0.139928
31,0,2,0,4.04,0.21,0.0465412
31,0,3,0,4.84,0.33,0
31,0,4,0,4.84,0.21,0
31,1,1,0,0,0,-0.520035
31,1,2,0,0,0,0.0952411
31,1,3,0,0,0,-0.0639245
31,2,1,102100,0,0,0.0706014
31,2,2,102101,0,0,-0.0646514
31,2,3,102102,0,0,-0.444195
31,3,1,102103,0,0,0.0410672
31,3,2,102104,0,0,-0.25641
31,3,3,102105,0,0,0.13644
31,4,1,102106,0,0,-0.174931
31,4,2,102107,0,0,-0.116356
31,4,3,102108,0,0,0.252089
31,5,1,102109,0,0,0.246795
31,5,2,102110,0,0,-0.11177
31,5,3,102111,0,0,0.28026
31,6,1,102112,0,0,0.224488
31,6,2,102113,0,0,0.00161058
31,6,3,102114,0,0,0.0735774
31,7,1,102115,0,0,0.279903
31,7,2,102116,0,0,0.21935
31,7,3,102117,0,0,0.226647
31,8,1,102118,0,0,0.185029
31,8,2,102119,0,0,0.174997
31,8,3,102120,0,0,0.251702
31,9,1,102121,0,0,-0.186932
31,9,2,102122,0,0,0.256414
31,9,3,102123,0,0,0.439299
31,10,1,102124,0,0,-0.15547
31,10,2,102125,0,0,0.390831
31,10,3,102126,0,0,0.162208
31,11,1,102127,0,0,0.205457
31,11,2,102072,0,0,-0.169189
31,11,3,102073,0,0,-0.0989718
31,12,1,102074,0,0,0.287207
31,12,2,102075,0,0,0.534986
31,12,3,102076,0,0,0.267661
31,13,1,102077,0,0,-0.0493088
31,13,2,102078,0,0,-0.0120871
31,13,3,102079,0,0,-0.0416328
31,14,1,102080,0,0,0.161546
31,14,2,102081,0,0,0.0143794
31,14,3,102082,0,0,0.258605
31,15,1,102083,0,0,0.147951
31,15,2,102084,0,0,0.150791
31,15,3,102085,0,0,0.329115
31,16,1,102086,0,0,-0.413469
31,16,2,102087,0,0,0.0409336
31,16,3,102088,0,0,0.216031
31,17,1,102089,0,0,-0.0848707
31,17,2,102090,0,0,-0.0205295
31,17,3,102091,0,0,0.549877
31,18,1,102092,0,0,0.103433
31,18,2,102093,0,0,0.00214169
31,18,3,102094,0,0,-0.114936
31,19,1,102095,0,0,-0.0697093
31,19,2,102096,0,0,-0.160936
31,19,3,102097,0,0,-0.078504
31,20,1,102098,0,0,-0.32495
31,20,2,102525,0,0,-0.191437
31,20,3,101960,0,0,0.306559
31,21,1,101961,0,0,0.210471
31,21,2,101962,0,0,0.029134
31,21,3,101963,0,0,-0.0758793
31,22,1,101964,0,0,0.0199117
31,22,2,101965,0,0,0.322188
31,22,3,101966,0,0,0.36431
,,,,,,
32,0,0,5.301,51.858,3.076,
32,0,1,0,4.04,0.33,0.28062
32,0,2,0,4.04,0.21,-0.310718
32,0,3,0,4.84,0.33,0
32,0,4,0,4.84,0.21,0
32,1,1,0,0,0,0.342041
32,1,2,0,0,0,-0.175628
32,1,3,0,0,0,0.450196
32,2,1,102622,0,0,-0.252945
32,2,2,102140,0,0,0.400283
32,2,3,102139,0,0,-0.16233
32,3,1,102138,0,0,0.263229
32,3,2,102137,0,0,0.0686651
32,3,3,102136,0,0,-0.106419
32,4,1,102135,0,0,-0.155951
32,4,2,102134,0,0,0.088184
32,4,3,102133,0,0,-0.413121
32,5,1,102132,0,0,0.0318778
32,5,2,102131,0,0,-0.303511
32,5,3,102130,0,0,0.247337
32,6,1,102129,0,0,0.044279
32,6,2,102128,0,0,0.0129855
32,6,3,102183,0,0,-0.027407
32,7,1,102182,0,0,0.0678852
32,7,2,102181,0,0,0.0453203
32,7,3,102180,0,0,-0.0518452
32,8,1,102179,0,0,-0.350095
32,8,2,102178,0,0,-0.175129
32,8,3,102177,0,0,-0.588506
32,9,1,102176,0,0,-0.0602007
32,9,2,102175,0,0,-0.153174
32,9,3,102174,0,0,-0.273838
32,10,1,102173,0,0,-0.29242
32,10,2,102172,0,0,0.559952
32,10,3,102171,0,0,-0.329516
32,11,1,102170,0,0,0.399266
32,11,2,102169,0,0,0.171528
32,11,3,102168,0,0,0.303906
32,12,1,102167,0,0,0.397855
32,12,2,102166,0,0,0.370478
32,12,3,102165,0,0,0.0757652
32,13,1,102164,0,0,0.0999382
32,13,2,102533,0,0,0.416055
32,13,3,102162,0,0,0.141854
32,14,1,102161,0,0,-0.158659
32,14,2,102160,0,0,0.1411
32,14,3,102159,0,0,0.114334
32,15,1,102158,0,0,0.235748
32,15,2,102157,0,0,-0.115074
32,15,3,102156,0,0,-0.0852432
32,16,1,101987,0,0,-0.138236
32,16,2,101986,0,0,-0.18531
32,16,3,102631,0,0,0.157982
32,17,1,101984,0,0,0.214296
32,17,2,101983,0,0,0.297414
32,17,3,101982,0,0,-0.0884002
32,18,1,101981,0,0,0.176211
32,18,2,101980,0,0,-0.269473
32,18,3,101979,0,0,-0.108347
32,19,1,101978,0,0,0.0366068
32,19,2,101977,0,0,-0.277748
32,19,3,101976,0,0,-0.0464564
32,20,1,101975,0,0,0.0257403
32,20,2,101974,0,0,0.565516
32,20,3,101973,0,0,-0.271972
32,21,1,101972,0,0,-0.170711
32,21,2,101971,0,0,0.0117053
32,21,3,101970,0,0,0.243714
32,22,1,101969,0,0,0.212748
32,22,2,101968,0,0,-0.291551
32,22,3,101967,0,0,0.183833
,,,,,,
33,0,0,5.412,53.554,3.076,
33,0,1,0,4.04,0.33,-0.0706616
33,0,2,0,4.04,0.21,-0.0380584
33,0,3,0,4.84,0.33,0
33,0,4,0,4.84,0.21,0
33,1,1,0,0,0,-0.355816
33,1,2,0,0,0,0.0425844
33,1,3,0,0,0,0.0967252
33,2,1,102047,0,0,0.159376
33,2,2,102048,0,0,-0.0792064
33,2,3,102532,0,0,0.6909
33,3,1,102050,0,0,-0.0724136
33,3,2,102529,0,0,-0.600728
33,3,3,102052,0,0,0.0306364
33,4,1,102627,0,0,0.442311
33,4,2,102054,0,0,-0.131675
33,4,3,102055,0,0,-0.0553272
33,5,1,102056,0,0,-0.16708
33,5,2,102528,0,0,0.0160901
33,5,3,102531,0,0,-0.417512
33,6,1,102059,0,0,-0.384029
33,6,2,102060,0,0,-0.162128
33,6,3,102061,0,0,0.171267
33,7,1,102062,0,0,0.170873
33,7,2,102063,0,0,-0.115561
33,7,3,102064,0,0,-0.290441
33,8,1,102065,0,0,-0.213862
33,8,2,102524,0,0,-0.00378953
33,8,3,102067,0,0,0.0520524
33,9,1,102068,0,0,-0.0812013
33,9,2,102069,0,0,-0.0904177
33,9,3,102070,0,0,0.0559723
33,10,1,102071,0,0,0.131845
33,10,2,102016,0,0,0.218745
33,10,3,102017,0,0,0.247617
33,11,1,102018,0,0,-0.101497
33,11,2,102019,0,0,-0.404884
33,11,3,102020,0,0,-0.085775
33,12,1,102021,0,0,0.019254
33,12,2,102022,0,0,0.302468
33,12,3,102023,0,0,-0.272349
33,13,1,102626,0,0,-0.0242955
33,13,2,102025,0,0,0.0697441
33,13,3,102026,0,0,-0.168054
33,14,1,102027,0,0,-0.167008
33,14,2,102028,0,0,-0.0158578
33,14,3,102029,0,0,-0.265283
33,15,1,102030,0,0,-0.162548
33,15,2,102031,0,0,0.0764829
33,15,3,102032,0,0,0.11446
33,16,1,102033,0,0,0.00129919
33,16,2,102034,0,0,-0.068424
33,16,3,102035,0,0,-0.638451
33,17,1,102036,0,0,0.0457433
33,17,2,102621,0,0,0.176212
33,17,3,102038,0,0,-0.168633
33,18,1,102039,0,0,0.0467529
33,18,2,102630,0,0,-0.282066
33,18,3,102041,0,0,-0.372947
33,19,1,102042,0,0,-0.213909
33,19,2,102043,0,0,-0.194922
33,19,3,102144,0,0,-0.0432957
33,20,1,102145,0,0,0.0429828
33,20,2,102146,0,0,0.0355868
33,20,3,102147,0,0,0.100364
33,21,1,102148,0,0,-0.204621
33,21,2,102149,0,0,-0.0435081
33,21,3,102150,0,0,-0.338741
33,22,1,102151,0,0,-0.421838
33,22,2,102152,0,0,-0.199326
33,22,3,102153,0,0,-0.117587
,,,,,,
34,0,0,9.638,56.242,3.07,0
34,0,1,0,4.04,0.33,-0.0215542
34,0,2,0,4.04,0.21,-0.0149332
34,0,3,0,4.84,0.33,0.147771
34,0,4,0,4.84,0.21,0.404959
34,1,1,0,0,0,0
34,1,2,0,0,0,0
34,1,3,0,0,0,0
34,2,1,0,0,0,0
34,2,2,102543,0,0,0.10492
34,2,3,102538,0,0,0.96216
34,3,1,102539,0,0,0.346728
34,3,2,102534,0,0,0.706257
34,3,3,102535,0,0,0.206894
34,4,1,102272,0,0,0.0992185
34,4,2,102273,0,0,0.00486659
34,4,3,102268,0,0,0.238969
34,5,1,102269,0,0,0.459705
34,5,2,102270,0,0,0.417416
34,5,3,102271,0,0,0.276426
34,6,1,102358,0,0,0.455319
34,6,2,102376,0,0,-0.266823
34,6,3,102377,0,0,-0.148131
34,7,1,102378,0,0,0.134527
34,7,2,102379,0,0,-0.336573
34,7,3,102374,0,0,-0.186019
34,8,1,102375,0,0,-0.0598185
34,8,2,102372,0,0,-0.198169
34,8,3,102373,0,0,0.570343
34,9,1,102368,0,0,0.071756
34,9,2,102369,0,0,0.334586
34,9,3,102371,0,0,0.299336
34,10,1,102370,0,0,0.223659
34,10,2,102364,0,0,0.40466
34,10,3,102365,0,0,0.225571
34,11,1,102360,0,0,4.11538E-06
34,11,2,102361,0,0,0.160829
34,11,3,102366,0,0,0.203463
34,12,1,102367,0,0,0.165053
34,12,2,102362,0,0,0.371961
34,12,3,102363,0,0,0.530988
34,13,1,102359,0,0,0.143085
34,13,2,103001,0,0,0.247858
34,13,3,103002,0,0,0.314262
34,14,1,103003,0,0,0.0215587
34,14,2,103010,0,0,0.314645
34,14,3,103011,0,0,0.279933
34,15,1,103012,0,0,0.212555
34,15,2,103004,0,0,0.542983
34,15,3,103005,0,0,0.483299
34,16,1,103006,0,0,0.154548
34,16,2,103013,0,0,0.0795785
34,16,3,103014,0,0,0.365926
34,17,1,103015,0,0,0.41943
34,17,2,103007,0,0,0.330592
34,17,3,103008,0,0,0.223383
34,18,1,103009,0,0,0.571134
34,18,2,103016,0,0,0.188018
34,18,3,103017,0,0,-0.086944
,,,103018,0,0,0.116958
,,,103019,0,0,0.174588
,,,103020,0,0,0.282023
